FFT1,FFT2,FFT3,FFT4,FFT5,FFT6,FFT7,FFT8,FFT9,FFT10,FFT11,FFT12,FFT13,FFT14,FFT15,FFT16,FFT17,FFT18,FFT19,FFT20,FFT21,FFT22,FFT23,FFT24,FFT25,FFT26,FFT27,FFT28,FFT29,FFT30,FFT31,FFT32,FFT33,FFT34,FFT35,FFT36,FFT37,FFT38,FFT39,FFT40,FFT41,FFT42
266,8674,1091,5735,4479,1410,2173,1337,1797,937,1518,998,762,576,805,747,669,726,804,266,678,356,317,389,471,273,493,612,342,487,538,444,457,855,396,499,242,237,495,299,0,0
244,9828,2245,4892,3957,1743,2210,1461,1720,1189,1452,1077,706,678,691,796,825,745,907,339,630,439,388,441,485,320,474,746,340,422,572,393,471,959,446,463,267,285,459,299,0,0
300,11717,4069,4331,3670,1983,2124,1719,1829,1304,1327,1307,824,771,648,836,1047,784,958,455,633,484,440,459,586,372,472,830,437,410,547,349,477,1056,522,451,303,319,449,313,0,0
392,14098,6219,4219,3595,2233,2066,1702,2049,1388,1340,1405,909,808,715,791,1174,886,883,564,658,570,487,472,617,415,482,881,518,429,504,319,446,1065,593,449,298,318,371,320,0,0
471,16452,8011,4582,3584,2216,2204,1634,2165,1316,1279,1343,886,808,846,663,1181,969,742,570,637,550,494,470,597,432,422,934,588,470,453,285,390,986,569,484,315,356,396,332,0,0
602,18370,8822,5058,3709,2087,1942,1636,2228,1253,1136,1498,935,982,1044,543,1213,1098,677,575,656,526,480,462,563,436,421,893,624,537,460,264,349,839,503,500,369,390,410,366,0,0
671,19634,8387,4788,3919,2316,2023,1511,2172,1218,1156,1402,848,1087,1094,466,1180,1153,672,503,604,492,439,425,494,454,413,828,627,524,532,236,320,645,437,471,420,395,379,364,0,0
750,20165,6961,4282,4091,2367,1969,1471,2013,1159,1173,1262,803,1065,1010,502,1154,1174,743,421,532,443,429,421,450,455,377,812,653,479,585,213,328,465,412,420,439,400,394,353,0,0
697,20050,5399,3861,4294,2297,1846,1321,1768,1091,1106,1240,842,974,859,581,1138,1148,812,436,525,450,449,428,430,506,428,745,674,448,597,187,356,346,438,360,442,373,339,330,0,0
644,19455,4293,3849,4559,2343,1918,1097,1628,978,1141,1012,787,737,644,632,1027,972,775,452,531,415,401,399,426,509,452,657,709,456,553,163,370,294,470,293,430,324,281,272,0,0
620,18805,3873,4469,4298,2285,1897,964,1349,968,1099,946,827,617,592,623,891,791,664,476,541,405,371,420,360,476,474,610,679,490,519,165,383,304,475,237,399,318,254,251,0,0
545,18684,4362,5268,3908,2590,1975,989,1340,959,1120,873,785,649,700,580,763,641,554,555,520,378,360,419,389,503,498,521,632,545,503,195,392,318,484,193,450,311,249,239,0,0
492,19495,5609,6034,4111,2960,2083,1107,1314,1071,1110,899,808,726,858,563,657,550,489,664,470,373,367,448,349,504,537,506,675,579,503,253,400,297,518,211,535,321,269,259,0,0
424,21264,7414,6549,4668,3016,2288,1352,1306,1131,1117,1010,896,766,941,566,566,517,494,753,491,434,403,512,401,534,581,521,689,537,521,280,409,269,543,252,572,321,256,249,0,0
363,23627,9600,6366,5083,3143,2076,1467,1371,1170,1256,979,965,774,852,630,526,531,615,854,558,479,485,504,427,608,532,502,671,506,531,277,419,208,564,302,586,308,291,278,0,0
371,25990,11530,5752,5380,2977,2130,1569,1307,1142,1132,1011,1066,771,722,708,495,576,775,851,594,524,490,539,445,596,562,495,592,465,541,248,419,191,512,343,617,333,287,285,0,0
393,27834,12342,5431,5659,2676,2244,1591,1345,1178,1305,1029,1063,794,678,787,487,657,909,749,600,562,495,526,449,632,515,442,496,402,589,215,421,242,422,350,649,346,284,277,0,0
386,28888,11497,5861,5975,3073,2169,1806,1465,1298,1486,1078,1168,900,786,893,525,786,967,691,636,571,548,555,488,633,493,436,481,399,672,232,437,329,368,368,655,350,342,329,0,0
327,28956,9785,7033,6104,3481,2706,2007,1698,1499,1514,1229,1369,1051,1054,982,595,913,902,733,711,632,593,663,541,659,571,479,512,427,715,262,428,463,363,390,694,407,371,358,0,0
246,28039,8490,7969,5894,3482,2859,2124,1825,1622,1759,1370,1515,1161,1306,1004,661,971,758,864,786,699,649,700,608,737,588,543,574,493,676,334,426,540,398,401,686,435,363,349,0,0
214,26272,8225,7764,5423,3686,2851,2160,1842,1628,1658,1338,1582,1178,1415,940,685,920,634,949,800,657,646,771,624,680,612,597,624,600,598,431,423,564,437,381,644,421,388,376,0,0
213,23917,9303,6723,4708,3512,2906,1912,1648,1525,1455,1250,1525,1195,1421,891,681,830,638,881,793,627,598,701,599,686,557,578,620,721,510,525,384,571,462,380,583,480,395,355,0,0
212,20971,10819,5975,3953,2932,2520,1940,1613,1473,1441,1145,1435,1118,1282,886,681,739,795,758,768,596,554,691,577,595,525,581,563,772,477,655,364,594,486,420,538,531,368,347,0,0
252,17358,11413,6239,3979,2962,2579,1873,1578,1548,1313,1161,1373,1029,1054,915,692,658,1004,686,730,569,567,638,572,572,544,624,559,740,502,765,340,665,529,492,511,512,417,384,0,0
253,13661,10634,7442,4253,3159,2621,2012,1691,1588,1380,1264,1345,1053,915,975,708,610,1130,731,753,623,589,638,584,569,509,625,587,714,518,849,312,756,565,546,479,594,436,395,0,0
276,10771,8688,8612,4469,2979,2543,2114,1766,1685,1428,1236,1312,1096,841,966,703,569,1079,856,784,661,618,683,617,582,563,660,582,708,478,901,304,823,572,536,490,666,415,429,0,0
400,9260,6447,8852,4927,2804,2619,1820,1566,1500,1235,1169,1137,1112,837,823,658,511,883,884,751,608,596,618,647,606,543,698,583,731,418,871,264,823,510,442,444,694,382,418,0,0
498,9194,4517,8157,4801,2378,2431,1573,1478,1219,1010,957,993,1103,870,665,641,472,680,842,769,534,523,579,574,564,490,686,543,772,376,791,220,784,432,316,360,791,306,378,0,0
565,9803,3502,6809,3958,2029,2222,1350,1147,1086,813,807,994,1044,826,552,696,442,526,769,836,448,459,549,630,530,459,757,424,804,342,708,200,752,400,271,295,785,254,370,0,0
571,10217,3715,5368,3359,2087,2100,1146,1133,885,687,744,852,853,805,427,746,414,434,675,819,352,376,503,597,462,387,810,343,777,371,626,171,731,379,257,224,749,199,333,0,0
542,10241,4470,4224,3194,2313,1959,1053,1179,770,632,633,696,723,811,376,772,406,404,635,809,302,304,498,609,400,334,828,320,743,407,569,155,726,376,260,189,723,178,316,0,0
490,9876,5566,3272,3513,2511,1933,1044,1146,808,782,694,624,632,807,377,764,441,390,603,772,265,253,568,696,355,349,775,357,772,426,499,180,725,371,287,172,710,157,320,0,0
437,9299,6798,2864,4311,2322,1983,938,1259,730,878,716,530,535,821,394,628,515,386,533,743,304,295,619,646,372,348,718,445,780,430,420,208,695,347,283,154,696,173,322,0,0
401,8402,7948,3042,4814,2125,2116,925,1205,819,1035,766,485,506,741,503,518,630,449,519,808,391,358,671,635,395,357,713,508,793,386,365,276,636,353,284,197,626,235,326,0,0
400,7049,9149,3404,5084,2055,2352,1059,1182,899,1272,978,540,515,663,618,435,740,521,507,865,489,481,754,568,411,403,674,510,773,321,360,395,551,393,287,259,566,301,360,0,0
380,5593,10294,3740,5152,2032,2386,1066,1131,985,1422,1015,545,558,662,697,364,773,563,498,973,598,579,800,428,414,404,681,442,684,249,402,480,481,425,259,292,490,399,390,0,0
389,4476,11608,4274,5258,2449,2419,1245,1220,1261,1402,1178,615,533,629,832,445,819,669,580,1055,641,690,753,448,455,454,602,378,578,251,432,496,448,490,269,350,509,510,422,0,0
480,4364,13478,5137,6177,2834,2447,1487,1380,1454,1489,1269,871,638,638,989,578,863,776,631,985,736,760,787,389,421,478,535,356,473,330,439,492,434,603,323,388,551,592,480,0,0
439,5587,15928,6177,7517,2839,2412,1593,1498,1696,1547,1272,1055,833,691,1152,718,907,866,630,986,822,798,797,463,489,505,488,347,395,407,404,457,441,726,399,411,515,624,528,0,0
422,8070,18736,6952,8296,3015,2332,1898,1735,1999,1467,1507,1183,1077,851,1324,864,1017,937,641,1057,834,916,783,502,536,507,463,397,390,464,377,420,445,867,484,436,530,690,555,0,0
434,11372,21084,6611,8643,3107,2441,1960,1740,2020,1610,1440,1190,1275,1073,1315,863,1049,839,620,1064,901,838,861,519,538,501,500,451,432,432,358,451,409,912,479,423,489,627,580,0,0
378,14656,22182,5577,8498,2922,2283,1825,1579,2099,1512,1414,1106,1272,1257,1197,784,1026,708,654,1063,905,845,805,542,594,512,471,462,499,371,362,483,366,856,420,406,443,542,582,0,0
442,17422,21925,4484,8080,3001,2134,1776,1392,2064,1336,1448,1040,1138,1328,1035,696,989,625,768,1014,870,845,783,536,559,453,446,464,569,370,411,480,345,747,352,397,439,512,579,0,0
508,19373,20798,3899,7807,3136,2194,1510,1177,2017,1364,1283,944,973,1215,818,591,921,611,821,900,938,759,718,531,579,420,447,445,558,462,494,439,342,603,301,373,416,388,591,0,0
535,20383,19737,4012,7733,2971,1870,1467,1084,2006,1221,1202,901,973,1005,637,560,901,724,782,821,986,844,673,532,540,389,406,412,479,642,633,356,380,516,286,377,401,351,573,0,0
591,20526,19459,3976,7778,2884,1925,1358,1052,1953,1175,1250,889,1087,780,484,581,886,832,759,764,926,823,708,521,591,391,419,384,426,795,788,272,453,463,262,388,385,343,570,0,0
639,19868,20200,3566,7856,3018,1920,1369,1087,2050,1238,1189,856,1130,630,347,612,849,875,792,733,920,804,668,506,587,419,475,404,433,833,895,237,538,413,244,371,421,337,557,0,0
589,18363,21685,3278,7817,2884,1847,1446,1174,1905,1135,1116,907,1087,660,302,681,820,848,919,722,936,843,728,510,634,436,503,457,527,746,976,258,593,397,267,387,476,417,593,0,0
616,15903,23039,3520,7934,2771,2316,1515,1284,1997,1205,1184,961,1052,901,370,836,826,818,1056,753,892,801,745,582,711,531,560,526,682,619,1057,327,566,410,398,483,495,451,578,0,0
631,12538,23107,4546,8523,3368,2550,1990,1666,1998,1417,1267,1046,1121,1221,520,1047,912,877,1104,892,928,883,809,635,747,594,652,581,744,544,1131,431,477,453,595,613,522,482,597,0,0
591,9917,21332,5975,9303,3918,2820,2143,1864,2042,1472,1357,1202,1255,1404,675,1246,1016,992,1040,938,943,878,822,721,847,641,690,626,715,547,1195,519,375,501,734,697,538,516,558,0,0
617,8642,18211,6952,10193,4180,2938,2260,1965,1965,1553,1380,1251,1252,1348,740,1318,1029,1076,857,835,817,803,781,786,808,654,655,606,644,591,1185,583,293,512,797,764,486,463,475,0,0
638,8737,14661,7347,10726,4363,2676,2205,1955,1615,1498,1211,1197,1096,1170,733,1223,945,1096,675,673,667,723,728,684,737,579,584,522,537,596,1098,624,279,497,770,704,471,429,452,0,0
629,10060,11442,7340,10090,3846,2242,1808,1558,1410,1368,1018,1084,835,922,644,1044,768,1028,518,453,512,592,603,683,640,498,423,461,459,527,979,669,308,501,655,610,460,373,367,0,0
548,11161,8962,7071,9042,3329,1837,1566,1355,1052,1255,851,887,617,708,533,877,579,928,388,301,369,502,595,549,492,443,311,391,449,432,876,729,327,542,547,600,407,293,336,0,0
507,11960,7222,6533,8627,3105,1603,1463,1162,1049,1260,761,779,617,608,465,799,512,905,362,322,379,514,616,541,463,464,288,329,456,370,838,821,345,618,484,588,430,284,352,0,0
514,13152,6431,5873,8586,2879,1531,1420,1179,1158,1407,874,797,695,542,402,790,546,901,432,430,457,567,642,512,457,457,310,360,471,344,821,913,357,666,463,536,475,281,316,0,0
484,15254,6873,5586,8471,3068,1729,1510,1280,1196,1298,1013,886,791,576,405,804,675,873,553,551,510,573,733,537,475,516,424,462,523,388,822,964,386,633,523,488,489,281,332,0,0
489,18343,8539,5899,8285,3138,1894,1666,1477,1363,1407,1034,992,866,729,488,832,872,826,698,635,609,692,702,561,524,536,477,558,533,454,808,986,417,540,609,451,547,323,341,0,0
427,22011,10785,6828,8143,2887,1979,1672,1498,1326,1370,1137,1016,826,843,536,831,1001,689,729,621,604,659,696,559,512,509,500,614,488,501,745,960,432,441,648,416,578,317,300,0,0
377,25494,12684,7946,8022,2678,1880,1527,1356,1187,1246,1107,1013,750,850,547,813,1019,555,691,540,511,590,677,604,479,480,486,622,423,490,653,896,458,382,664,453,575,303,278,0,0
337,28277,13945,8639,8474,2109,1702,1316,1348,1003,1266,990,932,654,739,490,758,947,448,599,460,428,546,624,597,418,368,412,590,368,423,509,802,470,348,627,451,590,316,224,0,0
417,30086,14459,8881,9269,1489,1576,1125,1252,824,1097,964,867,586,536,415,673,820,395,523,369,341,425,668,625,346,307,345,578,361,348,386,678,499,346,588,402,566,312,188,0,0
473,30895,14549,9189,9969,1394,1412,904,1325,708,1023,953,866,550,364,390,603,706,443,536,331,289,412,652,633,294,258,309,584,391,301,311,575,517,354,577,358,507,366,200,0,0
446,30810,14761,9786,10526,1419,1481,997,1522,747,1069,1025,896,511,320,462,565,657,551,557,396,319,405,724,631,295,263,323,586,429,350,315,550,500,361,513,329,442,427,235,0,0
445,29652,15643,10236,10375,1719,1911,1267,1591,968,1080,1064,1029,565,364,579,581,641,682,568,495,415,428,711,642,311,329,314,604,401,431,410,602,493,403,462,358,439,439,308,0,0
381,27402,17405,9995,9981,2235,2070,1354,1654,1035,1257,1257,1153,705,483,662,615,612,754,552,552,470,487,779,669,376,364,368,613,387,476,522,724,500,463,437,399,442,486,342,0,0
359,24294,19725,8984,9705,2415,2376,1666,1660,1221,1290,1341,1150,902,646,681,647,562,735,536,596,504,480,824,683,414,406,427,591,411,461,608,847,536,508,404,404,424,461,345,0,0
332,20872,21832,7927,9446,2607,2689,1655,1619,1322,1280,1299,1187,1097,802,627,669,489,612,538,599,519,490,823,697,426,436,425,591,480,426,636,927,605,518,373,395,435,437,318,0,0
385,18003,22905,7309,9503,2718,2479,1472,1498,1208,1277,1295,1134,1105,896,542,646,381,478,519,560,465,466,900,676,398,392,424,550,580,398,596,945,643,494,343,365,391,466,279,0,0
445,16094,22903,7447,9537,2579,2430,1352,1329,1151,1160,1091,1039,1011,878,474,618,326,393,471,584,401,398,882,649,328,345,374,517,651,382,535,899,605,492,323,316,364,446,259,0,0
493,15137,22249,8148,9165,2607,2295,1090,1257,935,1182,911,1097,912,774,477,625,323,365,398,575,330,351,907,601,257,265,280,560,688,383,496,815,537,511,310,311,362,450,228,0,0
503,14628,21397,8743,8814,2540,2099,1107,1156,809,1239,815,1080,792,714,535,710,436,384,378,504,299,347,970,582,242,216,247,538,674,359,507,707,467,549,306,323,324,442,225,0,0
499,13876,20353,8937,9149,2681,1935,1302,1352,800,1313,731,938,764,706,598,850,628,386,395,424,291,333,989,528,274,233,260,497,635,347,574,606,431,571,319,296,321,434,208,0,0
420,12727,18917,8549,9800,3024,1853,1400,1452,869,1336,784,934,815,748,619,999,798,354,393,383,297,352,1065,500,326,229,259,482,593,365,655,513,451,560,333,321,302,397,216,0,0
451,11390,17168,7726,10358,3280,1817,1620,1648,979,1327,783,914,808,793,609,1068,934,320,438,347,334,387,1117,460,400,270,301,426,541,371,710,457,466,563,334,362,265,371,208,0,0
468,10022,15263,6468,10720,3520,1872,1906,1857,1000,1316,873,943,857,846,655,1010,1031,344,432,349,346,415,1074,401,479,312,291,434,457,404,755,475,433,575,374,376,255,369,227,0,0
453,8713,13301,4892,10189,3162,2023,1916,1792,1047,1271,836,1088,972,882,751,917,1097,378,396,399,393,455,1068,377,500,327,274,445,411,411,771,531,382,578,410,447,232,352,243,0,0
513,7419,11380,3761,9189,2710,1964,2088,1850,944,1240,790,1047,985,881,858,816,1115,408,456,373,397,504,1007,338,572,342,304,403,380,401,774,635,342,580,418,494,244,343,265,0,0
507,5995,9461,3094,8393,2305,1907,2123,1791,899,1289,885,982,992,869,958,788,1151,424,531,351,396,587,935,301,623,322,298,388,340,419,790,753,348,581,417,493,262,327,287,0,0
587,4708,7818,2748,7766,1972,1614,1975,1778,916,1137,800,951,920,740,950,843,1153,393,631,311,373,590,936,318,664,299,357,389,332,383,782,830,415,595,381,469,239,282,297,0,0
589,4006,6996,2708,7347,2083,1394,1992,1823,787,1047,810,939,761,606,908,896,1117,409,735,291,337,683,895,331,714,268,423,398,318,365,746,865,481,641,326,419,226,257,283,0,0
626,3992,7167,2548,7020,2102,1338,1862,1918,806,978,757,976,588,494,872,933,1068,469,732,324,345,742,877,359,713,283,435,402,299,378,680,847,489,649,315,357,202,269,286,0,0
675,4555,8049,2233,6741,2058,1147,1850,2029,764,778,646,1062,471,449,841,927,958,593,690,362,353,750,897,398,731,285,459,406,300,419,601,807,451,588,381,329,212,271,311,0,0
623,5515,8992,2001,6496,2314,1219,1616,2127,753,766,638,1166,513,479,804,885,774,771,682,406,367,845,849,408,674,278,478,395,330,518,504,761,384,468,499,310,226,277,332,0,0
691,6653,9334,2109,6231,2542,1336,1536,2164,795,718,632,1219,575,497,732,837,565,892,732,403,368,797,907,435,699,300,426,374,331,580,436,716,297,351,612,267,235,297,397,0,0
714,7887,8639,2562,5939,2403,1428,1476,2268,909,795,747,1158,650,564,638,828,424,956,828,440,422,812,858,477,645,335,446,392,347,589,415,693,247,295,646,269,279,296,387,0,0
624,9245,7273,3230,5945,2701,1864,1528,2203,1044,960,869,1200,739,639,534,874,347,927,851,466,437,838,862,485,627,381,512,432,393,556,433,680,219,314,617,281,285,306,402,0,0
612,10684,6271,3758,6087,2933,1897,1663,2172,1192,1075,1015,1327,893,778,518,979,435,827,847,545,528,784,851,563,625,450,494,450,472,498,521,689,227,420,606,314,331,375,393,0,0
610,12186,6346,4045,6133,2763,2148,1795,2091,1398,1257,1143,1335,993,882,538,1092,577,732,844,613,607,800,783,557,553,500,525,444,561,427,624,703,243,509,625,344,381,368,394,0,0
562,13638,7741,4171,5986,2939,2424,1905,1910,1563,1437,1278,1431,1015,919,620,1174,688,694,855,589,595,706,815,605,589,498,573,456,554,387,739,715,249,551,675,362,371,407,439,0,0
576,14885,9896,4163,5662,2909,2289,1888,1749,1619,1410,1346,1509,984,883,709,1189,770,744,871,627,691,658,741,621,531,528,553,472,510,382,851,724,263,509,678,394,378,451,447,0,0
567,15807,11541,4097,5356,2580,2690,2037,1680,1845,1561,1336,1501,917,764,761,1135,768,873,826,687,741,660,782,654,555,524,567,477,481,412,943,724,279,420,607,416,408,423,504,0,0
529,16287,11882,4069,5255,2578,2789,1871,1711,1858,1566,1397,1471,885,662,753,1009,741,979,766,729,698,622,721,673,547,521,634,493,492,460,997,700,291,337,520,409,402,456,484,0,0
508,16339,11019,3944,5259,2512,2755,1708,1694,1903,1386,1330,1460,917,643,719,870,718,1047,729,774,687,634,623,598,474,518,638,476,545,472,987,653,291,285,448,389,396,410,489,0,0
544,16018,9430,3641,5000,2223,2951,1434,1751,2010,1429,1255,1406,975,749,729,754,778,1066,771,732,613,571,569,569,486,494,645,441,521,455,931,591,285,300,455,366,409,344,513,0,0
555,15404,7852,3223,4613,2173,2749,1108,1609,1957,1206,1245,1212,898,826,695,620,828,987,810,603,465,466,406,412,424,481,685,403,412,399,835,507,244,311,468,333,357,282,532,0,0
508,14723,6732,2619,4493,2162,2470,915,1626,2032,1109,1108,1212,920,944,696,534,834,932,852,460,446,376,346,326,407,464,670,392,278,354,767,448,210,299,477,346,338,215,604,0,0
542,14308,5969,1963,4891,2403,2259,816,1538,2061,1056,1005,1316,1030,1091,718,504,805,913,856,401,440,318,369,287,458,454,701,419,193,365,745,397,188,294,461,313,336,232,683,0,0
508,14328,5512,1627,5381,2762,2096,765,1564,2172,960,906,1413,1163,1162,666,493,745,870,791,400,470,303,395,253,454,448,739,434,161,381,737,344,172,297,387,270,354,282,724,0,0
539,14743,5166,1614,5750,2993,2056,692,1556,2232,908,761,1568,1356,1219,591,506,689,840,731,412,555,306,447,227,454,427,763,456,153,390,728,297,161,309,310,250,420,359,712,0,0
540,15368,4933,1724,6076,3170,2219,670,1548,2259,793,733,1759,1505,1215,594,599,742,782,669,441,572,342,538,234,452,400,790,486,169,382,715,250,166,366,228,235,476,440,684,0,0
490,15902,5009,1781,6397,3240,2565,764,1606,2345,716,605,1861,1610,1126,573,650,833,712,624,427,570,361,580,201,415,409,770,487,172,351,679,237,171,413,154,263,541,476,624,0,0
517,16216,5255,1657,6787,3287,2805,819,1595,2352,627,613,1973,1577,1146,544,648,870,764,699,404,530,396,584,234,366,437,789,531,179,359,643,274,166,458,134,282,569,505,594,0,0
465,16727,5945,1693,7655,3337,2830,1044,1854,2263,677,664,1984,1577,1180,547,621,894,906,865,370,519,391,658,274,358,488,764,596,211,401,613,346,178,519,151,306,616,490,593,0,0
458,18038,7510,2488,8740,3177,2902,1348,1821,2300,944,921,1772,1691,1142,558,563,922,1103,1019,420,542,487,638,394,403,521,790,592,290,456,622,474,228,598,223,403,654,535,565,0,0
518,20663,10042,4185,9023,3337,3151,1688,2151,2339,1163,1293,1784,1836,1089,666,562,1040,1245,1070,573,634,614,696,510,467,619,897,606,385,477,677,632,329,665,346,533,657,561,611,0,0
541,25002,13397,6309,8976,3763,3170,2282,2385,2396,1665,1576,1991,1995,1106,959,710,1311,1239,1059,784,809,718,809,686,651,699,896,697,507,473,792,795,483,694,482,619,747,586,572,0,0
631,30843,16748,8040,9353,4105,3746,2783,2647,2680,2021,2001,2171,1958,1290,1340,949,1661,1132,1089,962,919,966,899,841,771,778,971,822,636,504,948,954,661,679,601,691,791,710,636,0,0
706,37496,18952,8654,9935,4740,4213,3203,2952,2770,2248,2172,2332,1875,1673,1674,1172,1979,1035,1196,1096,1044,1058,1078,949,886,893,1042,887,701,573,1036,1043,781,624,647,746,777,679,680,0,0
732,43913,19488,8263,10821,4979,3877,3344,2777,2605,2374,2055,2351,1736,1962,1776,1209,2085,970,1306,1074,1041,1054,1086,925,930,856,968,929,712,675,1016,1028,799,561,612,743,789,650,633,0,0
736,49183,18555,7245,11566,4713,3626,3056,2503,2246,2097,1977,2073,1562,1929,1586,1109,1949,922,1356,883,882,1014,1056,796,824,735,915,872,669,749,878,909,705,499,508,752,667,570,632,0,0
703,52904,16888,6232,11247,4401,2950,2652,1807,1619,1765,1699,1838,1433,1700,1277,967,1670,885,1301,709,728,831,951,673,715,561,810,742,562,734,670,717,545,444,389,767,531,390,498,0,0
723,55016,15292,5522,10386,3913,2243,2166,1258,1135,1350,1344,1678,1111,1359,918,798,1337,815,1144,533,581,658,790,496,543,360,647,701,426,656,453,520,394,407,303,718,441,298,414,0,0
705,56025,14206,5020,9788,3415,2038,1836,822,828,1073,1188,1422,743,1121,668,748,1100,741,1082,386,509,547,676,427,450,225,537,667,316,551,305,384,301,399,265,689,341,223,339,0,0
672,56559,13537,4683,9521,3140,2073,1779,612,725,880,919,1191,546,961,553,765,999,663,1044,340,527,458,561,354,416,170,499,601,224,474,220,290,279,411,275,686,289,198,312,0,0
697,57014,12985,4531,9283,2857,2132,1694,537,756,758,690,1038,465,805,462,777,964,598,1006,312,591,408,488,323,389,140,471,539,156,441,179,231,303,460,296,658,255,253,357,0,0
631,57532,12473,4532,8988,2537,2119,1597,508,712,602,524,928,483,670,381,749,928,515,961,311,650,380,424,299,378,118,447,486,138,446,201,225,329,490,279,619,255,292,397,0,0
526,58200,12167,4623,8899,2287,2242,1393,685,738,577,511,804,520,620,355,776,874,500,922,406,676,405,419,362,378,153,492,471,152,453,219,229,388,523,262,593,266,339,472,0,0
478,58929,12740,4688,9248,2205,2276,1495,961,908,708,728,868,644,801,462,896,804,675,912,584,770,541,577,478,470,273,511,482,281,453,258,268,492,576,286,624,282,447,537,0,0
477,59408,14575,4830,9590,2604,2475,1757,1421,1175,959,928,999,838,1090,645,1094,774,961,911,767,933,626,607,579,598,424,589,530,484,489,318,336,607,578,348,662,360,466,561,0,0
515,59260,17471,5470,8967,3266,3018,2284,1973,1710,1499,1388,1249,1128,1420,920,1449,862,1310,987,912,994,837,840,758,770,612,722,653,702,601,412,428,760,577,484,687,478,583,673,0,0
519,57860,20646,6791,8944,4091,3532,3199,2552,2215,1956,1893,1673,1538,1688,1239,1853,1087,1591,1126,1098,1178,1067,1014,898,989,841,812,781,859,821,588,568,919,604,649,763,583,739,674,0,0
571,54550,22709,8714,9546,5073,4228,3685,3109,2795,2473,2227,2086,1915,1837,1524,2230,1410,1678,1336,1309,1421,1158,1159,1064,1085,975,972,924,933,1098,825,755,1048,684,774,839,721,780,799,0,0
532,48872,22554,10614,10282,5939,5035,4540,3696,3272,2959,2709,2431,2234,1949,1776,2564,1752,1635,1567,1515,1505,1446,1485,1248,1288,1148,1120,1054,998,1293,1060,942,1132,840,860,899,866,974,865,0,0
515,41207,20187,11688,10931,6434,5286,4656,3835,3402,3003,2882,2524,2323,1966,1860,2725,1957,1516,1676,1607,1572,1533,1470,1285,1271,1244,1135,1098,1025,1265,1172,1021,1095,972,875,926,892,1008,868,0,0
543,32550,16435,11401,10313,6046,4998,4515,3700,3260,2933,2618,2404,2191,1921,1763,2688,1976,1386,1587,1488,1525,1458,1495,1225,1198,1122,1081,1057,1042,1085,1141,988,940,1002,836,877,848,962,917,0,0
554,24256,12436,10002,8627,5055,4400,4375,3331,2692,2468,2275,1976,1788,1700,1442,2408,1749,1244,1331,1200,1216,1422,1320,1022,1103,995,922,911,969,860,964,838,738,905,754,743,745,954,808,0,0
600,17583,9180,8155,6876,3667,3411,3774,2704,2043,1837,1772,1421,1266,1355,1012,2001,1370,1096,1016,886,903,1213,1063,740,859,791,691,703,803,671,730,644,542,713,632,599,542,802,746,0,0
598,12940,6922,6426,6200,2310,2682,3710,2386,1476,1363,1279,1000,820,1004,669,1599,998,936,744,670,672,1088,940,503,786,621,518,495,624,623,550,505,424,520,496,495,379,717,653,0,0
594,10171,5570,5149,5895,1565,2467,3686,2028,1034,1008,1105,678,516,743,487,1225,747,822,591,591,477,1022,796,368,704,569,384,312,472,644,432,413,368,371,364,392,310,688,559,0,0
494,8688,4874,4543,5337,1241,2476,3578,1946,909,820,941,512,391,635,456,957,665,799,550,575,408,980,728,284,657,543,311,218,386,659,368,380,309,274,271,343,247,660,516,0,0
406,7929,4575,4507,4869,1124,2527,3556,1849,828,687,812,467,345,607,507,734,683,813,533,568,362,920,681,288,674,526,297,195,323,671,326,361,269,266,266,374,237,615,491,0,0
341,7517,4398,4791,4666,1090,2772,3341,1920,876,689,799,481,363,637,588,540,782,864,545,656,415,902,594,302,642,542,268,183,302,673,278,356,264,325,318,406,254,612,482,0,0
285,7224,4122,5283,4649,1194,3048,3033,2139,938,653,750,513,406,688,659,481,804,856,535,701,452,897,494,289,594,586,271,183,298,646,233,394,290,385,365,444,242,579,500,0,0
360,7047,3838,5846,5000,1332,3316,2939,2216,884,617,775,547,443,756,764,502,770,781,479,724,439,829,412,335,536,627,259,209,281,565,237,467,317,451,431,442,242,547,512,0,0
359,7332,3923,6415,5276,1630,3423,2733,2553,928,750,802,570,485,856,924,603,719,724,428,815,480,775,402,407,467,624,266,200,294,507,287,598,319,516,490,371,239,527,449,0,0
434,8484,4705,6798,4848,1966,3681,2648,2681,964,845,890,664,556,858,1058,743,634,637,390,800,467,716,378,477,432,622,347,259,329,472,345,734,287,561,529,318,219,482,400,0,0
487,10622,6096,6702,4419,2167,3822,2673,2916,1075,941,1048,871,721,800,1179,847,626,583,443,712,476,648,459,604,424,616,373,354,379,465,397,837,227,610,545,312,253,439,378,0,0
503,13648,7669,5925,4248,2402,3706,2429,3113,1231,1118,1073,1059,950,764,1253,918,685,562,553,685,497,620,502,667,441,548,445,380,423,478,388,888,208,619,566,341,323,385,321,0,0
501,17056,8767,5160,4159,2410,4084,2377,3232,1347,1194,1200,1130,1187,795,1276,970,780,531,654,652,495,638,475,669,403,548,511,394,435,462,340,890,254,557,621,383,347,384,347,0,0
466,20421,8769,5022,4072,2546,3790,2279,3358,1481,1287,1332,1222,1300,1031,1318,1050,914,538,666,618,534,626,597,744,482,543,492,410,411,415,286,897,364,498,737,426,406,383,362,0,0
514,23454,7865,5761,4275,3033,3617,2237,3387,1634,1424,1277,1293,1251,1308,1309,1117,1026,552,668,674,600,696,581,746,517,539,572,459,426,382,247,908,512,443,885,419,435,365,352,0,0
428,25917,6926,6949,4496,3183,3722,2295,3397,1741,1545,1461,1418,1262,1547,1310,1208,1131,621,742,756,669,724,648,777,568,560,631,542,506,399,241,938,681,431,926,424,431,417,404,0,0
467,27710,6516,7369,4655,3164,3209,2209,3167,1719,1515,1450,1507,1228,1575,1198,1222,1150,686,825,758,736,773,669,805,680,582,578,592,562,425,253,934,792,433,908,436,434,424,379,0,0
428,28676,6935,6599,4962,3017,3084,1984,2911,1568,1479,1207,1517,1183,1431,1000,1168,1086,761,927,736,785,837,604,749,621,580,597,622,550,462,302,870,821,401,865,399,389,424,373,0,0
326,28772,7825,5444,4967,2447,2814,1735,2632,1342,1362,1141,1539,1096,1209,787,1067,1049,899,949,737,805,768,600,742,624,546,544,597,477,465,362,768,801,373,858,383,353,483,378,0,0
338,28005,8237,4732,4892,2060,2259,1525,2416,1154,1210,982,1556,855,984,544,890,1031,1037,828,675,763,786,540,722,572,594,453,518,399,409,426,629,708,352,901,375,325,429,359,0,0
266,26412,7636,4787,4880,2019,2296,1387,2353,1073,1276,872,1607,688,927,380,746,1081,1161,657,589,766,763,512,694,487,610,460,470,389,327,465,525,612,393,857,406,329,451,430,0,0
248,24174,6250,5326,4923,1931,2201,1452,2343,971,1191,912,1658,644,965,290,619,1163,1198,558,580,754,684,490,699,488,653,416,426,435,254,482,453,532,482,732,475,346,484,442,0,0
351,21766,4682,5674,4718,1857,1986,1307,2183,902,1204,856,1544,630,975,328,592,1131,1153,475,539,705,670,436,656,423,717,378,365,457,222,470,426,437,542,589,538,347,500,452,0,0
347,19777,3265,5720,3948,1780,1918,1237,2149,828,1163,877,1401,716,981,491,703,984,1096,405,495,729,642,393,607,367,751,343,360,461,254,459,445,371,605,428,545,321,528,499,0,0
337,18654,2850,5511,3460,1732,1922,1277,2059,858,1219,874,1495,804,1007,723,897,805,1054,418,569,675,613,381,622,389,758,326,424,430,270,424,490,324,649,331,476,287,540,501,0,0
335,18549,3806,5186,3839,1982,1982,1384,2165,1040,1358,999,1562,865,1087,949,1148,631,1028,464,629,690,627,416,608,412,752,410,479,413,297,359,572,306,698,319,452,294,535,577,0,0
226,19217,5938,5067,4501,2464,2337,1783,2344,1366,1507,1339,1587,1071,1354,1117,1401,578,932,588,672,788,746,495,677,497,811,495,531,465,369,328,685,368,803,362,498,336,507,685,0,0
202,20276,9074,5362,4917,3047,2955,2213,2559,1676,1841,1464,1640,1271,1647,1191,1592,634,861,764,764,801,773,623,751,653,741,595,574,514,462,301,800,460,856,478,569,413,591,725,0,0
212,21425,12247,6091,5228,3550,3045,2510,2725,1984,1888,1758,1707,1459,1835,1235,1756,765,902,916,880,927,848,722,797,707,792,710,612,542,596,303,876,547,813,586,615,492,591,814,0,0
246,22445,14498,7077,5393,3778,3294,2768,2696,2039,1960,1910,1685,1524,1786,1217,1838,883,1060,938,918,949,896,780,823,801,852,735,647,559,681,327,894,611,695,618,644,535,620,789,0,0
280,23158,15250,7586,5386,3624,3257,2636,2578,2029,1943,1704,1578,1415,1507,1112,1805,936,1321,869,909,824,798,827,786,757,775,707,661,566,655,356,849,621,542,558,612,510,662,754,0,0
287,23417,14409,6967,5398,3264,2808,2508,2301,1833,1634,1613,1469,1253,1200,963,1695,932,1496,798,880,797,754,765,688,708,830,688,633,583,564,383,779,613,467,486,555,477,587,661,0,0
312,23100,12428,5893,5307,2853,2736,2103,2019,1600,1473,1453,1253,1074,958,763,1494,883,1474,748,807,735,668,783,628,631,739,592,566,594,443,417,703,594,488,436,505,438,588,555,0,0
352,22124,10375,5133,5152,2421,2370,1847,1780,1463,1279,1145,1019,948,885,576,1259,859,1270,761,750,633,594,702,548,547,659,500,529,564,361,464,627,550,542,393,449,363,529,496,0,0
468,20482,9206,5046,5040,2183,2194,1620,1600,1285,1079,1066,961,884,1001,473,1063,894,991,796,712,603,571,662,490,517,647,471,543,514,338,488,552,496,578,360,422,356,485,438,0,0
534,18327,9235,5601,5093,2065,2258,1407,1400,1219,1019,1016,889,780,1126,411,888,967,764,750,632,558,514,630,461,489,568,397,571,457,334,490,463,412,522,333,423,364,505,450,0,0
564,15807,10291,5835,5101,1847,1967,1400,1299,1135,933,867,762,663,1149,420,746,1016,614,630,494,440,447,526,362,518,566,328,585,440,359,483,385,340,421,340,449,337,451,424,0,0
541,13328,11610,5447,4927,1617,1869,1118,1103,1025,780,830,685,602,1098,517,686,988,517,566,414,391,373,489,317,495,523,255,554,452,356,447,313,283,312,377,458,349,431,409,0,0
410,11323,12685,4590,4951,1491,1807,987,899,877,654,754,571,540,968,590,629,881,451,535,385,370,291,399,240,518,476,187,517,450,335,400,252,243,219,433,416,319,383,367,0,0
343,9898,13405,3642,5389,1340,1717,765,704,778,557,694,456,513,806,649,583,718,346,579,365,354,241,349,222,489,478,144,515,419,295,362,218,235,177,465,362,274,325,315,0,0
372,9133,13830,2992,5848,1287,1887,534,478,596,416,705,366,487,695,654,539,542,235,656,350,378,214,285,209,458,471,119,519,372,246,343,207,230,149,471,329,266,333,260,0,0
437,8750,14086,2661,6168,1436,2130,476,420,496,438,703,315,510,620,583,508,443,171,697,343,372,206,235,213,447,478,121,506,326,223,349,211,236,145,467,309,251,367,210,0,0
587,8294,13923,2763,6597,1663,2144,518,452,516,477,813,349,573,531,515,532,426,152,736,329,384,233,230,249,415,479,145,452,312,238,401,222,259,191,443,309,267,434,185,0,0
682,7529,13228,3162,7197,1728,2132,620,578,518,531,895,411,577,455,482,594,454,156,750,289,434,249,245,285,427,481,159,413,321,276,470,219,290,248,443,281,269,494,172,0,0
663,6277,12177,3553,7592,1823,2208,794,719,635,674,921,473,551,418,494,700,514,217,697,338,461,310,295,348,437,449,234,396,297,299,511,196,315,304,445,288,245,578,200,0,0
570,4760,11127,3654,7768,1910,2093,897,733,695,702,979,486,475,381,526,784,532,316,617,400,458,354,336,375,398,427,318,368,288,326,525,176,341,325,441,314,251,621,218,0,0
415,3337,10333,3394,7566,1958,2032,888,683,678,737,901,485,370,386,518,801,464,380,519,451,417,364,326,367,367,408,388,365,249,334,486,175,353,292,436,323,232,632,219,0,0
318,2295,9896,2896,6993,2186,1939,789,580,699,756,861,463,323,430,472,760,384,427,406,553,364,363,309,377,345,361,455,337,208,319,444,195,355,242,402,360,227,638,231,0,0
258,1888,9758,2363,6589,2266,1784,700,466,646,739,825,447,273,435,388,689,278,419,367,577,320,294,253,362,342,326,426,293,227,307,431,229,356,199,351,379,248,598,223,0,0
288,1975,9716,1910,6460,2256,1684,591,386,627,767,787,519,243,446,326,625,197,395,363,571,297,237,228,396,391,276,370,259,254,273,447,269,356,176,304,361,258,553,266,0,0
329,2437,9868,1595,6365,2240,1763,617,406,664,768,817,605,270,428,336,571,192,423,388,613,316,196,231,402,464,257,322,257,264,240,486,298,357,163,275,346,288,501,310,0,0
395,3295,10393,1658,6203,2005,1955,761,506,662,885,729,622,316,354,374,546,195,459,417,647,322,213,259,436,458,263,309,323,256,258,530,330,359,174,286,362,297,484,372,0,0
393,4469,11113,2130,6205,1888,1898,823,579,697,885,730,628,409,319,438,500,247,498,420,655,340,284,346,428,476,284,301,396,258,328,558,359,357,194,312,378,286,456,428,0,0
398,5982,11647,2848,6371,1951,2131,1068,781,789,971,806,688,508,361,529,430,364,545,459,635,409,344,405,483,446,367,357,422,306,444,586,409,353,240,358,379,297,465,437,0,0
382,7842,11458,3400,6349,1949,2300,1201,968,903,1172,809,772,594,507,619,396,513,580,516,621,456,414,491,518,433,404,422,450,410,567,618,475,369,301,367,400,301,502,477,0,0
300,9787,10308,3490,6085,2008,2089,1286,1048,942,1186,873,808,617,651,639,367,634,569,563,571,439,434,477,546,428,443,432,427,485,619,602,531,366,322,339,407,289,483,461,0,0
288,11544,8646,3255,5360,2018,1984,1425,1125,913,1241,820,895,597,726,639,406,646,545,619,530,398,390,398,633,363,471,463,375,530,620,546,570,329,339,305,412,290,468,432,0,0
303,13041,6979,3195,4344,1963,1828,1343,1063,893,1257,725,862,588,777,647,522,575,524,639,540,353,370,394,590,342,484,442,400,523,599,477,582,283,365,234,480,255,455,455,0,0
301,14418,5791,3618,3928,1856,1611,1360,1035,833,1252,724,720,577,796,675,670,472,501,601,506,359,354,347,670,317,479,447,394,437,547,397,573,219,371,224,505,231,421,399,0,0
348,16085,5249,4291,4114,1917,1727,1441,1077,915,1166,750,799,626,881,805,867,439,533,568,493,402,383,423,608,352,503,516,395,403,535,380,559,187,387,275,464,273,389,409,0,0
423,18415,5118,4753,4262,2194,2105,1437,1169,1054,1261,861,892,699,984,944,1035,514,574,544,519,455,436,528,584,379,546,517,417,411,525,430,538,199,377,344,435,295,372,412,0,0
392,21478,5241,4513,4258,2271,2018,1633,1321,1170,1355,1017,979,792,1007,1050,1170,641,584,523,530,506,458,570,534,422,504,553,400,436,478,502,519,234,317,417,401,356,341,422,0,0
378,24842,5516,3948,4130,2214,2008,1650,1358,1155,1317,968,1031,792,891,1023,1193,693,531,459,483,452,447,623,457,393,531,541,373,458,410,553,494,251,274,446,372,405,286,476,0,0
432,27857,5803,3287,3883,1951,1913,1549,1325,1074,1461,869,948,738,683,926,1142,662,466,415,450,403,399,582,441,344,499,472,343,429,342,565,463,244,249,407,367,412,249,474,0,0
503,30174,5771,2675,3751,1620,1760,1590,1316,977,1375,849,865,661,544,788,1081,606,410,377,410,354,334,549,400,339,433,466,350,377,329,579,427,252,265,349,329,433,201,484,0,0
