count,time,value,target,absdiff,type,avg,std,force,high,low,scale,p,FFT1,FFT2,FFT3,FFT4,FFT5,FFT6,FFT7,FFT8,FFT9,FFT10,FFT11,FFT12,FFT13,FFT14,FFT15,FFT16,FFT17,FFT18,FFT19,FFT20,FFT21,FFT22,FFT23,FFT24,FFT25,FFT26,FFT27,FFT28,FFT29,FFT30,FFT31,FFT32,FFT33,FFT34,FFT35,FFT36,FFT37,FFT38,FFT39,FFT40,FFT41,FFT42
0,73081249,10967,10864.93,102.07,4,102.07,0.00,0.60,11050,10865,185,0.08,171,2522,3700,2408,905,678,820,474,406,464,508,461,381,409,329,276,237,155,241,158,251,206,164,207,168,150,132,153,154,133,206,133,162,178,113,83,181,96,227,70,0,0
1,73081334,10968,10864.93,103.07,4,102.57,0.50,0.60,11050,10865,185,0.07,145,3402,3023,1891,778,599,997,498,444,309,662,430,273,255,313,187,140,100,212,132,237,133,212,152,126,141,146,159,153,81,145,118,140,167,75,74,146,109,174,91,0,0
2,73081418,10967,10864.93,102.07,4,102.40,0.47,0.60,11050,10865,185,0.07,84,4108,2290,1490,663,603,742,304,290,364,611,233,207,219,300,156,89,90,191,162,171,111,189,170,136,118,82,98,95,90,123,101,117,150,70,71,123,102,174,88,0,0
3,73081503,10965,10864.93,100.07,4,101.82,1.09,0.60,11050,10865,185,0.07,66,4551,1884,1510,476,428,776,279,261,262,534,231,214,269,301,172,85,77,187,194,115,112,157,169,106,85,76,102,75,106,127,96,111,146,73,76,129,78,190,63,0,0
4,73081603,10966,10864.93,101.07,4,101.67,1.02,0.60,11050,10865,185,0.07,148,4787,1795,1633,247,324,799,208,145,287,535,194,171,267,275,156,64,97,149,172,130,73,175,174,119,92,68,98,69,105,122,89,94,134,102,53,136,94,162,89,0,0
5,73081688,10967,10864.93,102.07,4,101.74,0.94,0.60,11050,10865,185,0.07,173,4841,2014,1632,360,462,702,298,264,310,418,136,147,218,217,156,62,115,113,134,151,103,132,189,103,57,58,52,84,71,145,81,96,138,121,43,137,106,157,92,0,0
6,73081782,10969,10864.93,104.07,4,102.07,1.20,0.60,11050,10865,185,0.06,209,4743,2271,1418,481,429,813,249,190,208,378,200,227,153,122,208,85,153,68,102,177,156,113,145,132,71,51,60,59,63,146,65,91,130,120,35,135,90,135,120,0,0
7,73081866,10971,10864.93,106.07,4,102.57,1.73,0.60,11050,10865,185,0.05,144,4539,2433,1183,467,273,751,225,274,239,352,158,221,105,101,217,80,169,71,114,151,134,106,175,134,81,56,81,51,80,137,51,86,118,109,50,157,101,115,128,0,0
8,73081951,10967,10864.93,102.07,4,102.51,1.64,0.60,11050,10865,185,0.05,92,4060,2329,1381,388,540,882,356,297,255,226,231,156,189,174,265,124,220,117,159,177,178,82,125,163,83,84,95,112,143,123,61,117,125,109,80,186,122,128,133,0,0
9,73082036,10962,10864.93,97.07,4,101.97,2.26,0.60,11050,10865,185,0.05,96,3087,1725,2083,926,857,1201,471,520,415,444,443,318,389,350,373,226,322,227,225,309,291,190,225,183,159,126,115,175,206,122,107,164,114,71,117,150,90,98,199,0,0
10,73082136,10955,10864.93,90.07,4,100.89,4.04,0.60,11050,10865,185,0.03,148,2069,1664,2981,1794,1160,932,946,758,687,596,488,518,524,509,449,308,392,324,264,354,267,280,299,321,272,280,274,240,263,186,207,256,140,124,176,158,185,192,153,0,0
11,73082221,10949,10900.46,48.54,1,48.54,0.00,0.60,11050,10865,185,0.56,116,3236,3061,3494,2317,1637,1541,1056,1000,849,779,714,660,569,617,484,381,447,424,385,374,395,374,337,294,289,267,302,261,248,246,270,310,141,178,185,234,221,193,245,0,0
12,73082305,10947,10975.97,28.97,2,28.97,0.00,0.60,11050,10865,185,0.74,85,5572,4961,3321,2167,1814,1646,1241,1039,943,882,873,707,607,647,474,408,450,473,478,398,440,342,365,383,364,329,279,310,265,313,327,353,160,268,233,316,232,246,226,0,0
13,73082390,10946,10975.97,29.97,2,29.47,0.50,0.60,11050,10865,185,0.73,87,8206,6530,2692,1906,1580,1249,1203,1059,897,771,680,662,635,583,419,380,395,452,474,413,337,379,348,296,282,308,299,284,265,315,332,358,171,318,270,282,240,251,227,0,0
14,73082490,10949,10975.97,26.97,2,28.64,1.25,0.60,11050,10865,185,0.72,119,10466,7266,2137,1829,1346,1400,914,805,739,711,612,586,610,488,367,327,318,393,381,371,322,322,279,305,293,233,250,194,210,234,269,300,165,283,223,175,176,181,192,0,0
15,73082568,10956,10975.97,19.97,2,26.47,3.91,0.60,11050,10865,185,0.70,138,12092,7156,1796,1535,1090,966,830,702,564,501,559,447,501,386,311,248,259,319,256,264,313,263,266,219,227,274,206,213,190,139,202,254,174,231,164,216,167,218,145,0,0
16,73082669,10958,10975.97,17.97,2,24.77,4.87,0.60,11050,10865,185,0.70,173,13126,6417,1531,946,832,964,585,563,527,478,370,337,290,288,291,218,212,257,200,198,226,253,184,178,173,188,155,206,161,100,136,206,178,160,104,234,131,159,116,0,0
17,73082753,10960,10975.97,15.97,2,23.31,5.53,0.60,11050,10865,185,0.70,157,13641,5573,1224,807,695,998,529,441,368,461,332,349,242,260,311,214,207,215,199,178,169,141,181,141,173,211,123,138,130,119,80,180,188,98,95,210,89,152,97,0,0
18,73082838,10964,10975.97,11.97,2,21.69,6.47,0.60,11050,10865,185,0.70,131,13816,5072,911,809,540,792,369,248,307,373,204,251,194,178,267,194,152,146,145,109,151,134,133,82,114,220,97,97,84,136,72,152,173,81,70,196,51,135,71,0,0
19,73082923,10965,10975.97,10.97,2,20.35,7.02,0.60,11050,10865,185,0.70,80,13882,4838,721,791,434,698,267,155,250,320,167,236,148,150,218,151,110,128,99,105,93,114,138,72,118,190,70,100,54,149,74,135,158,84,46,207,50,130,68,0,0
20,73083007,10967,10975.97,8.97,2,19.08,7.52,0.60,11050,10865,185,0.71,77,13938,4697,616,769,349,689,253,103,265,264,182,270,138,159,159,164,56,118,72,80,85,126,154,91,136,170,84,83,58,131,93,111,124,95,56,195,33,119,72,0,0
21,73083108,10970,10975.97,5.97,2,17.77,8.15,0.60,11050,10865,185,0.71,47,14192,4461,488,597,391,769,364,222,229,305,161,194,168,194,168,179,51,118,56,83,71,109,159,65,130,153,85,109,84,134,117,98,97,98,74,187,51,122,76,0,0
22,73083192,10972,10975.97,3.97,2,16.52,8.72,0.60,11050,10865,185,0.71,143,14544,4341,377,412,538,625,255,137,257,224,207,194,168,210,174,201,51,74,67,129,83,133,143,123,167,176,83,104,73,156,119,86,84,91,67,197,39,115,87,0,0
23,73083286,10974,10975.97,1.97,2,15.31,9.27,0.60,11050,10865,185,0.71,197,14921,4472,405,553,471,716,380,264,198,309,155,245,110,170,180,192,39,73,80,124,89,136,141,108,184,154,110,79,56,177,125,91,95,78,60,180,46,96,99,0,0
24,73083370,10972,10975.97,3.97,2,14.43,9.40,0.60,11050,10865,185,0.72,164,15263,4852,534,695,435,735,287,169,320,367,165,286,145,92,225,208,60,100,116,70,80,83,92,171,194,189,91,86,58,188,112,100,118,66,75,148,75,119,72,0,0
25,73083455,10969,10975.97,6.97,2,13.90,9.26,0.60,11050,10865,185,0.72,148,15512,5371,763,605,763,596,491,399,245,249,298,249,286,146,319,271,126,180,163,117,106,156,156,104,233,216,83,136,97,193,114,133,159,109,118,168,66,79,140,0,0
26,73083555,10967,10975.97,8.97,2,13.57,9.03,0.60,11050,10865,185,0.73,108,15510,5763,1214,869,952,1100,673,442,525,534,356,293,413,269,415,339,193,259,164,209,181,174,157,258,180,157,189,186,164,159,121,181,207,170,144,241,116,139,91,0,0
27,73083640,10964,10975.97,11.97,2,13.47,8.75,0.60,11050,10865,185,0.74,77,15062,5641,1844,1523,980,1060,737,720,549,534,453,492,414,392,460,368,224,292,192,262,247,221,243,161,279,260,205,161,187,98,106,204,225,197,125,237,150,164,154,0,0
28,73083725,10960,10975.97,15.97,2,13.62,8.51,0.60,11050,10865,185,0.74,123,14173,4880,2258,1800,1129,915,838,551,591,510,538,568,356,458,451,358,220,274,267,244,235,253,204,294,180,234,169,175,177,128,97,215,219,191,123,123,138,135,150,0,0
29,73083809,10956,10975.97,19.97,2,13.97,8.40,0.60,11050,10865,185,0.74,87,13053,3729,2190,1401,1019,1097,556,631,504,528,368,370,305,415,363,285,167,201,281,190,183,163,192,192,208,172,181,192,150,173,92,220,199,167,156,161,137,167,126,0,0
30,73083910,10958,10975.97,17.97,2,14.18,8.22,0.60,11050,10865,185,0.74,50,11776,2538,1550,991,688,624,675,465,457,406,377,321,360,382,316,254,169,186,276,211,210,206,191,293,151,210,142,146,105,195,78,220,155,119,168,203,123,104,141,0,0
31,73083996,10967,10975.97,8.97,2,13.92,8.10,0.60,11050,10865,185,0.74,116,10297,2357,1179,1481,1005,983,597,651,523,462,480,468,433,346,296,251,206,219,220,235,211,206,199,169,207,195,164,141,133,233,102,244,144,124,180,202,145,148,113,0,0
32,73084088,10968,10975.97,7.97,2,13.64,8.00,0.60,11050,10865,185,0.75,85,8854,3076,1707,1883,1171,1130,640,447,441,463,344,465,365,243,232,212,217,237,168,214,190,176,227,271,152,176,156,157,143,199,91,227,103,111,124,127,106,121,123,0,0
33,73084174,10968,10975.97,7.97,2,13.38,7.91,0.60,11050,10865,185,0.75,53,7843,3883,2180,1654,747,808,482,504,444,326,325,325,268,211,203,197,241,262,186,176,173,171,130,190,159,204,123,156,142,136,88,206,68,110,75,142,98,92,122,0,0
34,73084259,10971,10975.97,4.97,2,13.02,7.92,0.60,11050,10865,185,0.75,45,7367,4412,2226,1252,801,1051,461,308,300,318,315,244,188,205,170,168,241,242,185,118,119,113,175,259,145,129,111,114,121,83,92,184,36,103,82,170,84,90,100,0,0
35,73084340,10972,10975.97,3.97,2,12.64,7.96,0.60,11050,10865,185,0.76,80,7439,4485,1737,1543,1000,894,450,458,424,376,281,353,234,246,175,158,244,195,155,138,138,144,93,196,116,154,136,103,124,82,119,198,55,119,130,163,89,88,142,0,0
36,73084425,10972,10975.97,3.97,2,12.29,7.98,0.60,11050,10865,185,0.76,163,7861,4180,1316,1872,858,739,366,371,294,280,241,304,226,211,162,145,169,164,103,116,113,114,110,223,84,128,102,56,98,63,99,195,78,97,131,111,82,75,95,0,0
37,73084525,10971,10975.97,4.97,2,12.01,7.95,0.60,11050,10865,185,0.76,170,8164,3935,1183,1980,709,722,257,291,235,235,192,240,167,143,151,159,98,191,124,69,68,98,80,199,59,109,116,64,93,74,80,169,68,88,138,81,85,76,63,0,0
38,73084610,10970,10975.97,5.97,2,11.79,7.89,0.60,11050,10865,185,0.77,205,8228,3865,1086,2066,550,773,135,316,258,241,190,250,146,89,146,186,85,208,119,58,42,82,71,174,65,81,107,49,82,58,53,150,57,86,151,59,95,80,53,0,0
39,73084695,10972,10975.97,3.97,2,11.51,7.88,0.60,11050,10865,185,0.77,103,8171,3825,1122,2023,518,716,148,285,208,226,191,220,156,84,131,200,80,212,114,56,31,87,55,171,59,77,109,46,74,41,27,123,32,106,167,55,74,60,52,0,0
40,73084788,10970,10975.97,5.97,2,11.32,7.81,0.60,11050,10865,185,0.77,177,8088,3720,1253,1923,579,714,125,313,251,206,139,204,143,99,105,195,76,217,118,44,23,73,64,154,71,56,98,42,72,38,18,111,20,122,171,64,63,70,34,0,0
41,73084873,10968,10975.97,7.97,2,11.21,7.70,0.60,11050,10865,185,0.77,132,8042,3587,1333,1927,556,760,86,311,219,221,166,237,95,101,114,162,90,242,101,56,28,76,73,140,81,46,100,48,63,27,23,98,28,105,171,45,61,56,41,0,0
42,73084958,10969,10975.97,6.97,2,11.07,7.61,0.60,11050,10865,185,0.78,92,7972,3594,1475,1906,552,854,153,249,261,265,137,206,118,64,154,112,128,261,91,58,42,67,53,165,97,53,72,74,46,38,52,89,53,85,182,40,55,55,44,0,0
43,73085058,10969,10975.97,6.97,2,10.94,7.53,0.60,11050,10865,185,0.78,93,7660,3660,1845,2247,350,650,300,430,254,329,289,324,174,103,205,67,187,246,146,70,77,127,103,136,83,94,80,96,79,75,92,114,53,113,137,61,110,113,86,0,0
44,73085143,10968,10975.97,7.97,2,10.85,7.43,0.60,11050,10865,185,0.78,115,6931,3484,2121,2696,702,819,404,400,435,287,359,458,229,207,252,80,254,164,222,149,141,133,140,215,156,96,135,80,124,114,136,150,64,156,133,115,123,136,68,0,0
45,73085227,10968,10975.97,7.97,2,10.77,7.34,0.60,11050,10865,185,0.78,165,5661,2826,1948,2421,1080,1173,644,666,440,532,341,388,287,323,261,98,294,143,252,223,194,196,187,189,160,186,166,156,155,137,165,168,72,173,170,121,78,107,110,0,0
46,73085312,10967,10975.97,8.97,2,10.72,7.24,0.60,11050,10865,185,0.79,195,4265,1927,1421,1656,931,804,519,518,437,386,387,266,276,335,201,57,264,233,202,215,194,220,198,230,184,184,163,222,169,157,180,173,72,164,203,81,124,165,105,0,0
47,73085397,10971,10975.97,4.97,2,10.56,7.20,0.60,11050,10865,185,0.79,135,3219,1162,884,1573,521,761,398,505,282,416,235,294,167,226,154,110,177,310,139,142,143,127,107,147,103,145,96,173,116,125,147,137,63,141,180,66,120,146,84,0,0
48,73085512,10969,10975.97,6.97,2,10.46,7.12,0.60,11050,10865,185,0.79,182,2663,725,557,1581,388,751,313,467,187,406,165,282,112,148,167,168,105,326,87,102,116,89,61,103,61,121,61,156,94,109,128,114,54,122,157,71,105,123,91,0,0
49,73085575,10966,10975.97,9.97,2,10.45,7.03,0.60,11050,10865,185,0.79,187,2378,650,518,1718,444,791,254,344,232,484,124,300,89,160,211,238,81,307,82,106,113,55,51,102,65,135,68,155,105,104,103,82,73,132,171,80,108,88,116,0,0
50,73085675,10966,10975.97,9.97,2,10.43,6.94,0.60,11050,10865,185,0.79,213,2181,921,718,1956,641,530,296,498,180,379,164,355,108,162,214,269,71,323,94,73,71,92,70,76,56,104,45,129,100,105,89,78,79,115,154,108,82,121,95,0,0
51,73085760,10972,10975.97,3.97,2,10.27,6.93,0.60,11050,10865,185,0.80,218,2058,1151,864,2020,693,455,333,521,171,440,126,271,127,108,147,214,83,308,76,85,58,101,75,59,45,101,43,139,101,74,88,105,51,94,136,96,84,115,93,0,0
52,73085845,10980,10975.97,4.03,2,10.12,6.91,0.60,11050,10865,185,0.80,228,2381,1541,1416,2373,991,822,571,367,389,341,308,458,201,229,258,196,210,204,182,150,130,170,125,136,128,112,102,86,170,106,114,166,58,126,160,138,115,128,152,0,0
53,73085945,10983,10975.97,7.03,2,10.05,6.84,0.60,11050,10865,185,0.80,180,3491,2682,2437,2394,1099,1222,613,703,449,611,411,465,286,317,366,214,307,151,259,186,219,164,173,153,138,176,137,142,177,147,116,192,75,147,143,163,197,119,127,0,0
54,73086029,10982,10975.97,6.03,2,9.95,6.79,0.60,11050,10865,185,0.80,106,4995,4039,3171,1604,897,708,697,496,531,456,372,321,339,304,381,170,308,178,214,162,163,188,163,176,182,167,155,215,126,177,91,195,91,147,108,133,178,151,142,0,0
55,73086114,10984,10975.97,8.03,2,9.91,6.72,0.60,11050,10865,185,0.80,162,6491,5045,3109,1402,881,1004,580,697,541,486,479,466,446,350,432,179,307,279,165,209,199,211,192,165,151,155,166,241,126,217,94,213,136,161,130,119,135,116,146,0,0
56,73086199,10985,10975.97,9.03,2,9.89,6.64,0.60,11050,10865,185,0.80,189,8072,5480,1996,2149,1212,1244,896,670,664,668,518,624,507,419,486,205,290,385,229,266,283,224,228,243,241,238,196,175,196,259,130,255,200,185,182,166,222,162,157,0,0
57,73086299,10985,10975.97,9.03,2,9.87,6.57,0.60,11050,10865,185,0.80,106,9623,5161,2052,2626,1396,923,895,880,772,575,552,542,462,459,494,205,235,426,317,276,272,290,256,220,208,202,210,193,225,232,136,257,221,158,176,168,200,169,174,0,0
58,73086377,10983,10975.97,7.03,2,9.81,6.51,0.60,11050,10865,185,0.81,87,10874,4176,3004,2099,1115,1165,849,662,602,640,614,450,446,489,487,195,147,410,371,269,248,243,238,264,248,231,228,282,234,191,161,271,251,155,176,180,151,158,152,0,0
59,73086462,10981,10975.97,5.03,2,9.71,6.48,0.60,11050,10865,185,0.81,136,11687,2801,3682,1377,995,988,834,723,632,506,446,438,410,463,453,157,126,346,361,288,302,258,260,226,202,209,175,253,165,117,156,255,243,135,145,144,164,132,136,0,0
60,73086547,10979,10975.97,3.03,2,9.57,6.49,0.60,11050,10865,185,0.81,121,12049,1661,3567,1768,1038,846,654,535,491,486,433,447,374,396,409,151,137,273,289,260,255,217,153,211,178,156,169,139,120,107,137,219,206,109,101,104,132,119,115,0,0
61,73086647,10977,10975.97,1.03,2,9.40,6.53,0.60,11050,10865,185,0.81,183,11999,1780,2843,2046,802,968,682,557,461,514,516,421,371,359,408,153,207,209,176,188,191,190,223,201,177,176,173,172,151,144,139,203,183,120,120,141,110,129,115,0,0
62,73086731,10982,10975.97,6.03,2,9.34,6.48,0.60,11050,10865,185,0.81,159,11360,2767,2662,1469,1055,818,788,715,667,534,500,420,428,373,459,238,309,224,214,226,298,266,199,229,188,185,164,255,205,202,153,199,167,158,169,179,148,126,132,0,0
63,73086816,10990,10975.97,14.03,2,9.43,6.45,0.60,11050,10865,185,0.81,151,10014,4123,3885,1576,1623,1262,1025,839,731,791,643,641,595,513,590,374,473,309,357,339,330,267,328,283,296,265,265,339,302,314,229,254,211,258,259,218,226,220,205,0,0
64,73086901,11001,10975.97,25.03,2,9.72,6.73,0.60,11050,10865,185,0.80,155,7434,5899,5844,3254,2175,1953,1656,1534,1356,1104,1052,966,846,765,776,574,678,483,560,518,471,525,511,477,425,419,404,344,379,440,346,355,307,386,352,298,298,298,282,0,0
65,73087001,11006,10975.97,30.03,2,10.10,7.21,0.60,11050,10865,185,0.79,104,5362,7889,7163,4750,2959,2390,2086,1676,1565,1483,1368,1225,1115,1035,945,754,849,683,735,697,731,663,577,562,577,542,512,476,436,505,438,431,384,463,386,387,366,356,364,0,0
66,73087079,11005,10975.97,29.03,2,10.44,7.58,0.60,11050,10865,185,0.78,170,6648,9530,6903,4591,3253,2513,2067,1955,1657,1421,1266,1216,1193,1146,981,802,890,810,784,751,729,622,690,631,563,551,542,600,482,478,462,443,411,458,394,440,434,431,396,0,0
67,73087182,11002,10975.97,26.03,2,10.72,7.79,0.60,11050,10865,185,0.78,169,9323,10199,5137,2918,2529,2135,1886,1464,1513,1265,1137,1029,1047,1083,915,751,854,868,750,699,599,687,548,548,556,518,489,532,486,388,424,399,392,397,398,405,386,344,327,0,0
68,73087264,11001,10975.97,25.03,2,10.97,7.95,0.60,11050,10865,185,0.77,109,11983,9747,2750,2548,2013,1733,1450,1461,1173,1048,961,796,679,805,713,606,711,775,581,503,514,445,471,447,402,410,392,325,421,300,350,318,341,300,352,274,253,285,284,0,0
69,73087349,10998,10909.35,88.65,3,88.65,0.00,0.60,11050,10865,185,0.20,58,13974,8485,2441,2685,1766,1284,1100,904,1104,785,749,703,490,553,564,465,591,620,413,413,438,467,390,377,373,328,326,299,343,281,312,273,319,240,281,235,273,289,231,0,0
70,73087433,10998,10864.93,133.07,4,103.57,9.70,0.60,11050,10865,185,-0.09,119,15328,6671,2976,2215,1294,1197,1063,1168,734,712,606,665,556,374,510,448,592,529,437,495,402,536,330,310,285,283,248,312,215,264,272,236,304,218,201,263,264,179,203,0,0
71,73087534,10998,10864.93,133.07,4,105.84,12.19,0.60,11050,10865,185,-0.15,137,16055,5410,3324,1254,1287,1182,865,717,854,653,575,507,613,298,499,468,623,440,494,483,337,315,333,325,315,294,279,281,193,247,235,213,298,229,194,262,174,224,202,0,0
72,73087618,10997,10864.93,132.07,4,107.71,13.55,0.60,11050,10865,185,-0.19,102,16213,5485,3022,1510,1296,806,789,1000,470,473,435,352,492,239,449,457,613,348,455,298,310,430,260,228,248,226,263,191,244,210,188,184,280,232,209,178,181,209,146,0,0
73,73087703,10994,10864.93,129.07,4,109.14,14.13,0.60,11050,10865,185,-0.21,109,15912,6286,2138,1802,864,827,671,667,640,532,401,449,300,240,364,417,571,265,332,240,243,384,213,221,214,183,145,165,271,161,133,151,251,214,200,127,182,140,145,0,0
74,73087797,10996,10864.93,131.07,4,110.51,14.68,0.60,11050,10865,185,-0.23,99,15105,7229,1785,1377,980,765,729,998,668,605,587,688,403,416,297,526,633,328,245,386,258,352,266,211,254,229,209,217,270,152,118,153,244,197,167,179,117,203,122,0,0
75,73087881,10999,10864.93,134.07,4,111.89,15.28,0.60,11050,10865,185,-0.26,177,13467,7920,2874,1469,1671,1141,1119,723,890,632,540,631,639,591,253,635,678,384,307,423,293,472,263,289,246,262,327,291,240,205,157,197,260,190,161,251,204,200,202,0,0
76,73087966,10993,10864.93,128.07,4,112.79,15.31,0.60,11050,10865,185,-0.26,140,11458,7937,4036,2219,1734,1229,748,929,789,672,478,422,617,556,141,628,586,340,389,261,323,302,344,265,271,224,206,206,151,204,152,200,236,168,195,232,261,178,180,0,0
77,73088066,10987,10864.93,122.07,4,113.28,15.04,0.60,11050,10865,185,-0.26,83,9640,7315,4421,2392,1074,703,830,559,677,413,524,552,418,411,136,572,459,271,401,258,260,299,194,224,197,222,202,147,146,165,119,186,182,153,211,123,166,169,169,0,0
78,73088151,10987,10864.93,122.07,4,113.72,14.79,0.60,11050,10865,185,-0.26,168,8367,6518,4175,2028,1148,813,708,652,632,392,364,588,356,311,220,472,383,173,325,243,159,268,224,163,156,135,222,161,162,103,73,155,128,126,182,106,155,106,141,0,0
79,73088236,10990,10864.93,125.07,4,114.26,14.63,0.60,11050,10865,185,-0.27,145,7695,6057,3981,1791,1235,868,555,629,623,283,339,548,370,337,301,381,370,88,277,210,137,218,228,96,90,144,188,118,124,93,80,99,123,102,188,81,137,70,127,0,0
80,73088320,10989,10864.93,124.07,4,114.70,14.44,0.60,11050,10865,185,-0.27,89,7380,5859,3608,1075,1874,1091,883,690,530,669,458,852,295,455,402,342,487,154,337,309,224,174,255,208,206,175,268,211,180,166,157,150,201,165,271,151,215,109,100,0,0
81,73088421,10985,10864.93,120.07,4,114.94,14.16,0.60,11050,10865,185,-0.26,167,7215,5338,2313,2124,2068,1157,1331,1113,936,681,646,956,510,572,521,400,637,293,373,425,433,348,323,278,246,316,221,316,301,230,231,223,289,250,297,227,256,187,211,0,0
82,73088505,10981,10864.93,116.07,4,114.99,13.87,0.60,11050,10865,185,-0.26,133,7310,4446,2439,3450,1545,1609,1117,1023,903,877,769,560,742,582,559,446,699,408,368,403,415,412,420,366,356,296,324,299,359,250,264,263,343,301,213,239,215,231,216,0,0
83,73088599,10979,10864.93,114.07,4,114.95,13.59,0.60,11050,10865,185,-0.26,71,7713,3748,3632,3503,2007,1458,1504,1252,1033,1078,829,758,883,595,596,497,732,543,471,441,411,391,376,387,344,369,413,291,328,260,270,293,376,324,211,249,287,239,235,0,0
84,73088684,10981,10864.93,116.07,4,114.99,13.33,0.60,11050,10865,185,-0.25,114,8328,3767,4581,2025,2268,1448,1157,994,942,733,691,940,670,480,484,466,639,546,497,445,460,413,402,366,346,361,281,325,230,230,207,249,326,252,255,223,251,225,230,0,0
85,73088768,10987,10864.93,122.07,4,115.25,13.15,0.60,11050,10865,185,-0.25,75,8820,3990,4614,1844,1616,1280,957,845,654,784,571,746,410,310,307,357,432,409,383,339,328,289,268,294,286,237,266,324,225,223,143,198,260,167,286,215,171,221,176,0,0
86,73088853,10996,10864.93,131.07,4,115.82,13.24,0.60,11050,10865,185,-0.26,54,9064,4068,4396,1900,1144,976,805,580,337,639,352,668,399,224,294,305,298,268,262,238,194,195,200,188,245,166,168,266,148,138,118,122,168,114,236,151,95,172,109,0,0
87,73088938,11002,10864.93,137.07,4,116.55,13.57,0.60,11050,10865,185,-0.27,47,9307,4330,4417,2156,730,676,756,337,356,585,351,557,280,145,318,231,212,183,172,163,107,128,147,131,212,113,133,260,88,76,128,106,143,92,235,147,74,138,68,0,0
88,73089039,11000,10864.93,135.07,4,117.17,13.75,0.60,11050,10865,185,-0.28,96,9672,4752,4292,2409,789,565,600,343,237,435,281,412,273,158,334,174,163,155,144,139,89,82,92,156,245,136,75,221,90,68,114,84,122,68,228,126,54,127,52,0,0
89,73089124,10997,10864.93,132.07,4,117.65,13.78,0.60,11050,10865,185,-0.28,167,10024,5043,4068,2394,765,518,582,273,169,431,195,344,297,192,372,182,131,192,174,137,123,94,114,110,209,130,72,211,111,80,103,81,124,39,220,88,48,151,52,0,0
90,73089217,10998,10864.93,133.07,4,118.13,13.83,0.60,11050,10865,185,-0.29,164,10414,5170,3873,2259,570,315,407,389,178,299,261,316,242,133,318,122,105,176,137,114,103,71,104,121,204,107,73,215,114,78,107,84,120,48,187,101,45,121,50,0,0
91,73089294,11001,10864.93,136.07,4,118.67,13.96,0.60,11050,10865,185,-0.30,210,10756,5096,3917,2340,612,341,439,392,184,255,347,324,229,129,322,129,71,207,78,141,137,125,164,97,173,149,51,202,83,79,96,79,119,59,170,122,51,124,55,0,0
92,73089384,11005,10864.93,140.07,4,119.30,14.22,0.60,11050,10865,185,-0.30,212,11376,4347,4505,2666,944,672,572,780,482,596,478,394,343,311,458,300,203,354,198,292,260,179,136,218,209,216,171,174,121,167,98,148,190,150,242,158,105,174,120,0,0
93,73089469,11008,10864.93,143.07,4,119.98,14.56,0.60,11050,10865,185,-0.32,190,12412,3785,5164,2511,1578,1345,1186,879,798,645,611,540,480,473,534,449,333,436,330,351,278,293,344,282,335,261,258,231,228,237,135,208,249,231,340,156,183,165,194,0,0
94,73089569,11008,10864.93,143.07,4,120.62,14.85,0.60,11050,10865,185,-0.33,207,13438,5081,4917,1928,1785,1314,1012,1031,820,858,872,749,622,569,543,533,412,408,416,340,371,404,336,338,280,365,261,342,301,248,160,223,252,252,350,208,212,240,189,0,0
95,73089654,11010,10864.93,145.07,4,121.28,15.18,0.60,11050,10865,185,-0.34,159,14171,7124,3488,2023,1404,1279,1251,951,886,777,765,768,691,605,509,575,457,347,443,400,429,316,380,332,377,280,301,361,311,235,191,207,218,231,257,265,209,225,235,0,0
96,73089739,11007,10864.93,142.07,4,121.83,15.34,0.60,11050,10865,185,-0.35,101,14470,8893,2303,2335,1591,1537,1209,1015,866,771,657,562,623,568,424,563,443,285,372,395,297,344,363,319,267,303,314,270,282,238,229,189,178,204,169,253,212,198,178,0,0
97,73089823,11000,10864.93,135.07,4,122.17,15.29,0.60,11050,10865,185,-0.35,131,14313,9756,2801,2082,1605,995,964,742,681,767,771,529,500,507,348,530,402,288,280,306,323,341,308,289,314,298,228,209,229,250,268,177,151,190,209,169,192,217,194,0,0
98,73089924,10998,10864.93,133.07,4,122.44,15.19,0.60,11050,10865,185,-0.35,176,13617,9460,3642,1327,1135,1337,1239,979,858,645,731,681,491,504,360,552,401,368,318,306,407,267,372,296,298,226,241,268,208,277,321,198,168,217,297,192,190,179,187,0,0
99,73090008,10994,10864.93,129.07,4,122.60,15.04,0.60,11050,10865,185,-0.35,107,12416,8114,3947,1806,1512,1582,835,736,656,720,542,622,498,442,343,515,339,399,359,337,288,343,269,302,308,314,300,300,225,267,361,199,175,227,323,224,177,165,153,0,0
100,73090095,10996,10864.93,131.07,4,122.81,14.92,0.60,11050,10865,185,-0.35,135,10827,6376,3288,2256,1586,926,1066,904,787,707,729,479,554,429,362,494,298,437,410,381,331,340,377,295,342,284,270,261,277,247,390,198,175,206,262,180,142,165,172,0,0
101,73090187,11000,10864.93,135.07,4,123.09,14.86,0.60,11050,10865,185,-0.35,85,8900,5508,1838,1975,1066,1494,988,745,616,598,615,464,454,345,311,382,224,380,352,309,387,297,241,298,265,268,242,228,301,225,389,182,146,140,206,135,165,152,146,0,0
102,73090271,11005,10864.93,140.07,4,123.48,14.90,0.60,11050,10865,185,-0.35,154,7207,5712,1668,1179,947,1440,698,616,507,602,352,500,316,289,269,269,217,317,278,249,316,317,248,169,226,227,203,194,240,181,345,147,97,107,240,158,146,113,107,0,0
103,73090356,11008,10864.93,143.07,4,123.91,15.02,0.60,11050,10865,185,-0.36,115,5848,6330,1975,1095,805,1395,750,477,395,377,415,469,260,294,269,206,248,273,213,201,223,195,148,198,147,139,149,166,138,161,303,142,80,108,272,158,93,73,75,0,0
104,73090456,11010,10864.93,145.07,4,124.37,15.17,0.60,11050,10865,185,-0.37,118,4824,6940,2155,1437,636,1690,516,573,436,471,523,336,335,387,354,239,325,280,202,192,300,254,192,118,166,169,131,138,108,165,286,137,60,152,297,106,138,114,102,0,0
105,73090541,11009,10864.93,144.07,4,124.79,15.27,0.60,11050,10865,185,-0.37,101,4533,7176,1868,1613,1103,1097,962,668,551,596,359,379,401,455,446,279,401,253,201,201,297,273,204,247,195,200,190,153,175,180,276,139,78,225,257,131,196,129,118,0,0
106,73090625,11010,10864.93,145.07,4,125.21,15.39,0.60,11050,10865,185,-0.38,51,5191,6761,1406,1317,1301,1353,676,622,496,399,475,517,371,426,482,280,440,197,240,261,208,210,218,167,194,174,187,186,223,153,223,137,106,258,173,181,134,112,117,0,0
107,73090710,11008,10864.93,143.07,4,125.58,15.44,0.60,11050,10865,185,-0.38,30,6156,5975,1249,882,913,1501,725,594,431,462,427,403,239,239,400,211,374,106,203,224,176,175,143,166,132,142,99,150,190,94,171,142,131,237,174,171,112,99,84,0,0
108,73090804,11006,10864.93,141.07,4,125.89,15.44,0.60,11050,10865,185,-0.38,103,6842,5382,1138,583,659,1397,691,446,265,366,294,285,216,209,278,186,281,117,145,197,111,124,128,122,78,92,83,96,141,75,145,165,132,223,170,167,94,89,66,0,0
109,73090888,11005,10864.93,140.07,4,126.17,15.41,0.60,11050,10865,185,-0.39,107,6969,5202,1354,699,520,1109,709,458,344,444,265,231,183,145,252,128,223,128,99,159,85,78,155,81,82,107,86,105,149,40,150,177,133,221,161,165,105,65,51,0,0
110,73090973,11006,10958.21,47.79,1,48.16,0.37,0.60,11050,10865,185,0.56,79,6965,5079,1562,798,563,1042,608,414,266,375,174,169,246,120,298,91,160,159,100,146,95,72,200,95,89,118,49,77,110,63,118,151,163,193,156,179,110,61,50,0,0
111,73091073,11012,10975.97,36.03,2,11.40,8.53,0.60,11050,10865,185,0.76,87,6958,5151,1759,984,714,1071,513,342,226,377,202,177,228,70,310,63,134,187,113,130,110,85,211,86,78,124,54,94,92,98,77,112,205,181,122,187,134,41,60,0,0
112,73091158,11015,10975.97,39.03,2,11.87,9.18,0.60,11050,10865,185,0.74,49,6808,5623,2285,1259,899,1264,747,516,318,240,300,323,261,152,334,149,171,281,227,146,176,165,165,150,186,197,92,79,128,87,66,109,268,211,106,158,144,100,73,0,0
113,73091243,11013,10975.97,37.03,2,12.29,9.65,0.60,11050,10865,185,0.73,101,6284,6438,2999,1294,841,741,629,669,519,555,335,347,443,265,293,238,234,346,308,230,194,178,282,181,198,285,182,153,169,83,104,130,318,265,157,118,100,97,102,0,0
114,73091327,11012,10975.97,36.03,2,12.68,10.04,0.60,11050,10865,185,0.72,68,5448,7002,3235,1222,1077,1129,843,712,515,550,514,364,550,346,194,282,265,331,285,278,234,239,186,224,238,163,201,232,188,143,150,147,329,289,192,184,173,130,126,0,0
115,73091427,11010,10975.97,34.03,2,13.02,10.31,0.60,11050,10865,185,0.72,112,4430,6870,2584,1435,1264,1246,840,817,706,582,619,546,580,460,160,349,323,297,250,289,295,268,296,223,274,273,181,245,202,215,191,146,313,292,216,276,238,216,173,0,0
116,73091512,11006,10975.97,30.03,2,13.29,10.45,0.60,11050,10865,185,0.71,57,3629,6127,1435,1639,1134,715,706,568,482,527,376,419,345,372,181,277,255,164,203,200,214,185,233,195,227,200,162,168,102,184,146,96,222,201,156,223,146,131,118,0,0
117,73091590,11004,10975.97,28.03,2,13.52,10.53,0.60,11050,10865,185,0.71,101,3136,5437,883,1522,794,525,416,343,401,346,364,251,265,271,221,215,194,110,184,139,113,130,182,125,202,164,134,163,78,146,101,77,140,121,121,142,122,120,92,0,0
118,73091690,11006,10975.97,30.03,2,13.78,10.64,0.60,11050,10865,185,0.70,141,2823,4976,709,1350,651,403,346,219,315,332,285,236,263,212,251,162,115,111,135,77,101,84,169,128,165,169,92,161,85,113,58,86,97,65,85,122,112,104,48,0,0
119,73091775,11011,10975.97,35.03,2,14.10,10.87,0.60,11050,10865,185,0.70,187,2546,4772,578,1398,609,383,210,210,363,413,207,276,313,153,249,197,128,181,114,116,143,121,129,65,207,150,108,177,132,72,70,58,56,63,74,147,84,72,63,0,0
120,73091860,11017,10975.97,41.03,2,14.50,11.27,0.60,11050,10865,185,0.69,128,1919,5108,646,1766,538,736,534,416,278,245,304,304,343,106,276,243,170,263,142,175,135,135,223,173,131,171,164,115,183,75,107,52,69,99,80,156,113,140,88,0,0
121,73091944,11019,10975.97,43.03,2,14.92,11.71,0.60,11050,10865,185,0.68,181,1166,5970,1115,1768,735,663,487,378,453,481,464,245,274,181,326,284,228,336,221,218,182,176,163,126,210,214,114,138,158,99,123,48,84,122,100,92,159,121,93,0,0
122,73092045,11018,10975.97,42.03,2,15.31,12.06,0.60,11050,10865,185,0.67,148,1338,6857,1575,1142,847,636,575,511,326,420,321,272,203,277,338,276,240,331,237,162,170,138,209,191,195,121,138,206,89,134,129,47,98,134,119,96,135,104,93,0,0
123,73092129,11015,10975.97,39.03,2,15.65,12.30,0.60,11050,10865,185,0.66,197,1924,7333,1666,1067,550,724,524,381,373,339,292,339,255,353,343,286,254,269,196,153,145,161,199,124,192,162,168,220,99,158,125,42,103,110,96,119,136,120,100,0,0
124,73092214,11011,10975.97,35.03,2,15.93,12.43,0.60,11050,10865,185,0.66,148,2563,7346,1385,1330,526,463,396,481,242,383,323,242,273,339,292,258,228,201,127,166,135,154,138,127,161,122,124,190,95,127,90,46,85,56,62,109,175,88,112,0,0
125,73092308,11004,10975.97,28.03,2,16.09,12.42,0.60,11050,10865,185,0.65,116,2969,7249,1117,1476,586,308,431,399,251,330,239,281,151,227,174,270,136,249,160,131,128,174,99,115,129,96,115,193,71,109,84,77,73,59,57,78,169,68,100,0,0
126,73092392,11003,10975.97,27.03,2,16.24,12.40,0.60,11050,10865,185,0.65,98,3134,7413,1046,1753,813,425,542,270,262,256,218,251,135,207,137,282,117,271,146,131,84,138,139,88,68,59,85,163,72,121,96,104,40,47,50,90,192,68,73,0,0
127,73092477,11007,10975.97,31.03,2,16.44,12.44,0.60,11050,10865,185,0.65,81,3371,7616,931,1823,823,495,359,392,348,278,172,223,168,228,141,305,119,264,95,114,88,190,118,114,97,79,117,168,89,128,106,119,33,41,80,86,159,88,98,0,0
128,73092562,11013,10975.97,37.03,2,16.72,12.58,0.60,11050,10865,185,0.65,59,3596,7681,796,1735,708,425,368,371,362,223,93,204,138,199,105,269,117,214,109,67,109,190,111,70,59,43,88,176,59,104,81,96,51,44,91,48,155,59,70,0,0
129,73092662,11010,10975.97,34.03,2,16.95,12.65,0.60,11050,10865,185,0.64,75,3932,7506,540,1724,810,547,257,504,496,173,141,236,88,177,105,266,144,163,158,85,88,175,111,101,92,64,71,178,40,75,64,86,67,58,91,52,173,71,88,0,0
130,73092746,11009,10975.97,33.03,2,17.15,12.70,0.60,11050,10865,185,0.64,53,4382,7152,610,1980,990,656,410,390,385,231,149,132,128,129,71,264,130,154,167,78,68,193,85,74,66,48,82,147,48,78,38,72,70,58,84,58,175,81,95,0,0
131,73092831,11011,10975.97,35.03,2,17.38,12.77,0.60,11050,10865,185,0.64,75,4581,6977,639,2139,1117,726,519,291,327,261,153,129,113,137,60,231,90,170,157,72,62,196,70,62,57,43,83,142,39,80,37,53,78,53,77,54,168,73,89,0,0
132,73092931,11008,10975.97,32.03,2,17.57,12.80,0.60,11050,10865,185,0.63,56,4629,6854,713,2303,1167,690,509,306,325,272,167,109,100,132,58,206,68,180,149,61,69,186,66,62,37,50,100,144,25,94,58,49,58,62,82,80,140,54,79,0,0
133,73093016,11004,10975.97,28.03,2,17.70,12.77,0.60,11050,10865,185,0.63,77,4641,6769,786,2404,1153,647,489,305,273,305,170,122,126,120,45,209,83,214,129,72,62,192,61,59,24,62,105,159,29,108,48,50,70,53,85,78,149,66,54,0,0
134,73093094,11005,10975.97,29.03,2,17.84,12.75,0.60,11050,10865,185,0.63,104,4630,6834,818,2557,1104,574,488,278,237,295,124,97,144,97,40,194,75,220,139,64,80,168,61,57,47,78,79,154,30,98,51,40,69,48,90,89,135,52,63,0,0
135,73093197,11007,10975.97,31.03,2,18.00,12.76,0.60,11050,10865,185,0.63,111,4481,6958,1084,2556,1076,695,428,443,191,418,175,148,160,182,93,247,130,235,208,84,139,238,102,119,98,163,90,144,81,141,90,88,125,69,131,123,160,97,45,0,0
136,73093279,11009,10975.97,33.03,2,18.18,12.79,0.60,11050,10865,185,0.63,178,4005,6909,1600,2039,1532,584,484,437,337,362,231,211,244,237,149,301,193,196,238,172,147,222,173,143,126,116,135,211,135,156,138,131,169,106,117,74,179,79,102,0,0
137,73093364,11008,10975.97,32.03,2,18.35,12.80,0.60,11050,10865,185,0.63,169,3137,6305,1985,2097,1625,713,676,660,433,451,333,301,352,264,223,396,296,209,265,281,208,198,157,176,171,189,130,204,133,121,162,152,184,137,84,121,105,127,118,0,0
138,73093448,11002,10975.97,26.03,2,18.44,12.75,0.60,11050,10865,185,0.63,188,2099,4904,1964,2982,1034,1096,725,703,598,725,514,464,464,336,340,535,430,280,277,292,241,283,233,206,188,271,187,151,143,96,197,186,204,183,157,219,175,169,144,0,0
139,73093549,10999,10975.97,23.03,2,18.49,12.69,0.60,11050,10865,185,0.63,127,2410,3546,1876,3400,1812,1030,1050,875,689,505,508,479,420,348,358,572,451,273,226,238,261,254,264,278,270,208,251,221,187,135,205,193,191,193,227,217,213,156,181,0,0
140,73093633,10998,10975.97,22.03,2,18.53,12.62,0.60,11050,10865,185,0.63,147,3476,3751,1965,2711,2078,915,649,682,593,682,522,468,398,387,357,590,451,277,272,335,332,278,235,234,166,216,149,223,173,155,149,147,130,165,232,135,151,201,142,0,0
141,73093718,10997,10975.97,21.03,2,18.56,12.55,0.60,11050,10865,185,0.63,104,4529,4504,1937,2121,1623,826,697,572,441,483,334,303,294,313,255,503,344,205,259,312,203,162,214,273,228,211,170,161,145,172,91,110,102,153,193,153,138,152,136,0,0
142,73093812,10996,10975.97,20.03,2,18.58,12.48,0.60,11050,10865,185,0.63,176,5357,5160,1531,2315,1744,542,371,395,474,427,306,271,288,307,228,481,258,211,259,195,234,221,222,206,173,134,234,134,162,222,64,94,104,161,142,170,127,133,78,0,0
143,73093896,10994,10975.97,18.03,2,18.57,12.41,0.60,11050,10865,185,0.63,116,6164,5497,1172,2640,2203,1085,878,723,541,693,478,410,366,349,261,519,216,280,256,244,344,237,234,332,268,226,216,201,219,307,109,134,165,202,125,152,140,225,175,0,0
144,73093991,10994,10975.97,18.03,2,18.56,12.34,0.60,11050,10865,185,0.63,115,7091,5176,2307,2173,1694,1300,1005,805,843,635,637,597,497,416,321,575,224,382,315,440,349,315,380,316,299,270,249,248,230,344,169,177,234,234,207,178,215,193,178,0,0
145,73094083,10991,10975.97,15.03,2,18.53,12.28,0.60,11050,10865,185,0.63,77,8064,4237,3676,1688,1612,1134,1073,962,733,780,637,629,576,457,340,565,229,428,383,487,328,358,280,422,311,287,388,281,244,325,231,209,287,238,282,229,213,211,204,0,0
146,73094168,10988,10975.97,12.03,2,18.46,12.23,0.60,11050,10865,185,0.64,84,8989,3091,4298,2259,2201,1491,1248,961,976,928,743,657,678,573,419,600,335,516,511,411,487,386,458,404,370,334,347,298,288,265,295,238,329,224,299,244,194,276,242,0,0
147,73094260,10994,10975.97,18.03,2,18.45,12.17,0.60,11050,10865,185,0.64,117,9767,2878,3860,2762,2091,1468,1050,1025,749,711,617,535,490,494,368,457,351,440,451,322,397,322,274,421,273,283,274,257,271,168,287,196,292,148,201,172,218,162,177,0,0
148,73094336,11002,10975.97,26.03,2,18.53,12.13,0.60,11050,10865,185,0.64,158,10181,2968,3077,2630,1501,955,622,637,520,643,429,440,325,346,332,246,351,278,293,270,280,181,259,335,189,171,269,195,222,135,257,146,241,97,116,122,194,135,156,0,0
149,73094421,11004,10975.97,28.03,2,18.63,12.10,0.60,11050,10865,185,0.64,185,10360,3000,2597,2458,1234,754,341,542,342,536,262,312,231,208,303,170,371,151,221,211,272,122,231,311,128,133,225,138,170,115,205,85,190,70,105,64,179,88,132,0,0
150,73094521,11002,10975.97,26.03,2,18.71,12.06,0.60,11050,10865,185,0.64,176,10342,2874,2478,2508,1092,538,270,533,341,435,196,277,273,234,297,160,464,155,244,152,298,140,223,265,157,163,200,131,117,142,197,75,171,66,112,47,191,84,132,0,0
151,73094599,11000,10975.97,24.03,2,18.76,12.01,0.60,11050,10865,185,0.64,194,9906,2358,2862,2847,629,612,449,719,284,509,243,214,275,240,349,167,542,193,300,107,224,93,244,293,84,107,244,168,135,172,197,78,145,80,126,77,197,120,69,0,0
152,73094700,11001,10975.97,25.03,2,18.82,11.97,0.60,11050,10865,185,0.64,167,9025,2056,3292,2778,850,885,445,533,431,324,322,382,194,171,380,127,557,186,290,117,260,125,193,258,146,149,202,149,163,167,180,72,118,95,121,110,133,96,110,0,0
153,73094784,11006,10975.97,30.03,2,18.94,11.96,0.60,11050,10865,185,0.64,207,8386,2076,3430,2559,994,886,320,526,383,237,254,373,145,120,315,105,491,121,243,101,265,95,196,269,143,160,171,116,162,152,168,57,114,93,88,99,126,78,98,0,0
154,73094869,11005,10975.97,29.03,2,19.04,11.94,0.60,11050,10865,185,0.63,158,8103,2052,3544,2367,1084,776,200,428,440,207,353,414,185,203,173,187,393,165,283,81,276,101,207,281,157,185,161,140,154,157,161,59,153,92,116,135,98,58,93,0,0
155,73094954,11007,10975.97,31.03,2,19.15,11.94,0.60,11050,10865,185,0.63,118,8323,2059,3819,1738,1035,921,580,551,644,315,202,442,136,207,146,240,374,171,223,142,265,132,133,252,195,117,192,91,205,201,197,92,195,139,150,151,163,118,138,0,0
156,73095054,11008,10975.97,32.03,2,19.28,11.95,0.60,11050,10865,185,0.63,77,8704,2746,3621,1916,658,1207,474,495,729,405,395,342,233,209,199,318,426,211,158,268,206,243,221,241,182,185,232,130,171,181,198,90,192,170,131,90,170,112,156,0,0
157,73095138,11009,10975.97,33.03,2,19.41,11.97,0.60,11050,10865,185,0.63,63,9029,3890,2676,2554,1063,645,759,681,679,390,540,330,394,252,301,405,523,257,234,288,217,149,156,224,190,265,212,242,133,165,230,121,207,228,129,136,117,129,135,0,0
158,73095223,11011,10975.97,35.03,2,19.56,12.01,0.60,11050,10865,185,0.63,58,9170,5115,2331,2594,1391,1273,907,718,986,604,426,534,514,349,431,492,623,291,335,191,292,275,267,260,233,160,186,288,162,148,261,151,217,258,139,186,151,145,167,0,0
159,73095317,11011,10975.97,35.03,2,19.70,12.05,0.60,11050,10865,185,0.63,154,9060,6006,3434,1490,1216,1500,934,903,688,635,624,626,479,424,500,502,649,243,329,292,265,301,241,271,250,308,297,224,250,176,299,196,223,255,185,196,220,179,173,0,0
160,73095401,11011,10975.97,35.03,2,19.85,12.08,0.60,11050,10865,185,0.63,174,8707,6213,4618,1803,1341,1035,1111,819,1038,642,763,538,431,482,526,477,649,269,327,482,352,305,334,304,281,272,265,216,269,189,287,204,191,192,215,176,190,196,199,0,0
161,73095486,11012,10975.97,36.03,2,20.00,12.12,0.60,11050,10865,185,0.62,95,8095,5465,4881,2786,1758,1835,1152,1199,853,924,724,656,613,620,603,489,653,370,379,514,390,366,303,326,351,314,288,380,309,277,309,256,206,183,266,238,212,211,203,0,0
162,73095586,11009,10975.97,33.03,2,20.12,12.13,0.60,11050,10865,185,0.62,130,7453,4004,3844,3087,1840,1747,1385,1008,1058,771,734,788,758,688,626,453,604,507,472,361,402,420,427,393,346,371,341,412,275,322,284,269,197,194,257,262,254,222,222,0,0
163,73095671,11006,10975.97,30.03,2,20.21,12.11,0.60,11050,10865,185,0.62,146,6969,2716,2241,2435,1409,1092,873,903,650,709,565,478,525,466,433,272,380,487,407,338,319,266,269,249,307,217,248,244,195,247,161,177,108,149,140,150,149,145,141,0,0
164,73095756,11003,10975.97,27.03,2,20.27,12.07,0.60,11050,10865,185,0.62,135,6663,1976,1351,1896,976,927,533,729,497,559,311,351,346,263,268,271,242,386,290,278,216,167,212,151,244,119,164,189,146,179,105,107,83,122,94,90,81,102,101,0,0
165,73095840,11001,10975.97,25.03,2,20.31,12.03,0.60,11050,10865,185,0.62,126,6604,1733,783,1520,684,932,465,547,350,553,251,284,314,218,211,323,223,330,278,275,186,98,187,128,180,94,137,138,110,145,95,55,83,96,57,50,58,96,90,0,0
166,73095925,10999,10975.97,23.03,2,20.34,11.98,0.60,11050,10865,185,0.62,116,6812,1850,630,1165,432,819,455,621,369,412,151,269,217,132,144,308,181,307,242,258,147,80,162,106,169,83,102,113,104,133,98,39,85,105,50,62,71,72,47,0,0
167,73096025,10995,10936.00,59.00,3,73.83,14.82,0.60,11050,10865,185,0.09,91,7316,2118,885,1334,610,827,449,393,244,463,244,398,184,126,83,327,179,335,197,213,193,115,136,162,145,98,136,161,133,154,95,39,99,115,58,74,68,52,48,0,0
168,73096103,10992,10864.93,127.07,4,126.18,15.26,0.60,11050,10865,185,-0.38,51,8187,2371,1321,1728,772,1131,671,696,427,589,345,539,298,201,106,389,203,414,158,187,290,163,232,169,189,190,230,225,182,201,124,70,121,160,92,78,102,128,101,0,0
169,73096204,10993,10864.93,128.07,4,126.22,15.12,0.60,11050,10865,185,-0.38,130,9454,2582,1813,1737,930,827,656,559,526,493,382,354,416,273,155,387,188,423,229,294,219,211,174,242,230,166,192,186,187,220,146,101,133,183,115,110,162,129,105,0,0
170,73096288,10993,10864.93,128.07,4,126.25,14.98,0.60,11050,10865,185,-0.38,183,10612,2658,1971,1112,925,848,636,660,466,673,521,343,525,382,224,436,233,410,377,399,254,233,258,202,183,197,174,161,190,238,186,134,132,189,141,156,146,142,138,0,0
171,73096373,10991,10864.93,126.07,4,126.25,14.84,0.60,11050,10865,185,-0.38,110,11683,2663,1753,1445,1118,1244,917,788,734,538,489,528,486,471,321,480,295,360,460,342,354,261,241,303,293,250,264,223,195,241,235,176,145,188,185,191,174,229,187,0,0
172,73096458,10988,10864.93,123.07,4,126.19,14.72,0.60,11050,10865,185,-0.38,74,12551,2962,1996,2394,1588,1114,993,949,845,800,663,729,462,575,464,569,421,357,471,344,395,397,377,313,287,290,303,305,238,217,277,221,167,190,222,198,242,176,176,0,0
173,73096558,10987,10864.93,122.07,4,126.12,14.60,0.60,11050,10865,185,-0.37,75,13118,3759,2876,2815,1756,1492,1248,1108,963,901,825,701,585,619,599,633,529,402,410,481,366,358,340,362,353,337,289,323,306,219,303,252,187,203,240,224,239,252,252,0,0
174,73096643,10990,10864.93,125.07,4,126.10,14.47,0.60,11050,10865,185,-0.37,45,13303,4697,3622,2194,1601,1588,1182,1032,1019,754,711,603,708,573,656,633,570,433,354,503,398,385,396,344,324,310,319,277,340,251,307,266,204,230,243,256,212,278,189,0,0
175,73096727,10993,10864.93,128.07,4,126.14,14.35,0.60,11050,10865,185,-0.37,70,13077,5319,3626,1677,1550,1128,1105,1034,821,876,676,667,714,487,650,586,554,438,389,352,401,413,367,331,315,304,317,270,315,290,297,268,215,250,224,231,221,184,228,0,0
176,73096821,10994,10864.93,129.07,4,126.19,14.24,0.60,11050,10865,185,-0.37,103,12434,5361,2722,2108,1516,1430,1123,922,958,716,736,703,584,429,607,527,513,435,460,349,340,306,346,320,308,288,247,278,220,296,257,247,207,238,188,176,210,272,205,0,0
177,73096906,10995,10864.93,130.07,4,126.25,14.13,0.60,11050,10865,185,-0.37,136,11348,4709,1770,2356,1388,1243,999,989,737,761,706,653,498,498,589,482,485,430,480,427,312,330,343,269,259,267,274,284,205,306,240,250,225,242,206,215,198,252,179,0,0
178,73096990,10999,10864.93,134.07,4,126.37,14.05,0.60,11050,10865,185,-0.37,109,10150,3721,1981,1977,1229,836,923,569,642,554,389,352,374,439,448,362,351,318,327,356,274,272,245,247,233,199,203,165,184,231,169,196,192,180,176,191,138,222,164,0,0
179,73097091,10998,10864.93,133.07,4,126.48,13.96,0.60,11050,10865,185,-0.37,72,8965,2589,2226,1312,686,753,695,635,598,411,454,347,380,435,381,319,286,265,193,221,241,183,251,162,191,204,153,152,194,154,118,169,178,133,148,132,127,256,96,0,0
180,73097175,10992,10864.93,127.07,4,126.49,13.85,0.60,11050,10865,185,-0.36,67,7504,1747,2042,1753,1020,800,996,534,557,547,569,507,454,468,375,331,288,267,227,220,197,238,186,224,197,174,193,219,221,116,113,187,205,131,142,124,149,179,157,0,0
181,73097260,10986,10864.93,121.07,4,126.41,13.76,0.60,11050,10865,185,-0.36,36,5653,2469,1495,2520,1507,988,713,819,788,575,470,568,486,465,375,343,297,269,306,310,255,241,277,194,241,212,214,249,213,143,137,224,247,160,158,187,150,233,132,0,0
182,73097344,10984,10864.93,119.07,4,126.30,13.69,0.60,11050,10865,185,-0.36,70,4149,3866,1754,2543,1304,1044,1035,656,582,586,563,435,430,393,336,309,252,236,337,337,305,260,236,279,232,243,199,172,159,185,146,240,259,173,160,204,147,268,162,0,0
183,73097429,10989,10864.93,124.07,4,126.26,13.59,0.60,11050,10865,185,-0.36,151,3633,4864,2076,2051,765,783,938,500,474,336,392,320,250,222,200,180,158,147,251,246,230,211,128,223,133,175,108,125,108,127,87,169,182,119,112,114,116,204,119,0,0
184,73097529,11000,10864.93,135.07,4,126.39,13.53,0.60,11050,10865,185,-0.36,117,2998,5555,2607,1869,821,851,780,670,622,481,548,322,326,312,269,251,245,162,283,287,265,256,155,127,173,191,157,146,160,142,152,134,169,121,121,145,155,116,165,0,0
185,73097607,11008,10864.93,143.07,4,126.63,13.58,0.60,11050,10865,185,-0.36,186,1844,6914,3840,1593,1345,1007,919,658,573,475,514,379,355,343,299,294,280,162,330,268,219,217,233,296,209,220,171,147,147,183,204,138,187,151,159,152,196,168,109,0,0
186,73097692,11009,10864.93,144.07,4,126.88,13.64,0.60,11050,10865,185,-0.36,112,1971,8624,4734,1384,1277,867,908,789,682,654,520,599,491,457,413,395,372,296,426,319,330,323,262,198,271,319,228,233,166,223,238,146,214,172,175,137,135,185,205,0,0
187,73097792,11010,10864.93,145.07,4,127.14,13.71,0.60,11050,10865,185,-0.37,97,3441,10258,4563,1900,1361,1368,1128,1003,820,666,650,605,522,481,459,445,413,412,418,369,373,329,328,391,290,269,303,323,263,265,262,163,241,197,192,212,221,181,208,0,0
188,73097877,11007,10864.93,142.07,4,127.35,13.72,0.60,11050,10865,185,-0.37,104,5510,11064,3136,2363,1862,1353,1150,958,866,828,803,581,565,506,498,489,447,513,372,409,346,344,354,257,315,316,280,303,338,288,267,168,250,203,197,255,256,210,217,0,0
189,73097961,11003,10864.93,138.07,4,127.49,13.69,0.60,11050,10865,185,-0.37,102,7625,10762,2253,2146,1701,1122,1011,1055,793,657,587,596,544,475,459,468,408,503,292,332,293,304,259,351,246,290,225,193,304,252,227,137,214,173,176,191,144,170,235,0,0
190,73098046,10999,10864.93,134.07,4,127.58,13.62,0.60,11050,10865,185,-0.37,105,9149,9914,2480,1403,976,990,754,761,604,449,398,533,468,414,393,400,324,397,261,231,260,229,274,205,226,179,231,201,217,211,193,109,180,151,160,125,162,134,161,0,0
191,73098146,11003,10864.93,138.07,4,127.72,13.58,0.60,11050,10865,185,-0.37,130,10191,8799,2814,1287,1252,718,792,944,574,514,483,400,402,419,403,417,316,316,301,262,240,233,163,278,162,199,194,229,117,186,186,95,165,148,145,151,180,130,199,0,0
192,73098231,11003,10864.93,138.07,4,127.86,13.54,0.60,11050,10865,185,-0.37,158,10807,8072,2726,1772,1546,957,857,621,524,383,396,303,251,347,364,394,267,183,266,241,175,173,239,146,193,178,147,184,129,145,176,88,154,148,126,178,117,123,120,0,0
193,73098325,11000,10864.93,135.07,4,127.95,13.48,0.60,11050,10865,185,-0.37,116,11051,7986,2289,1930,1340,821,607,686,353,278,244,286,171,252,305,339,193,158,181,172,197,174,222,192,108,129,145,133,139,90,141,60,122,124,96,148,97,85,128,0,0
194,73098409,10998,10864.93,133.07,4,128.02,13.40,0.60,11050,10865,185,-0.37,116,11181,7962,2014,1985,1136,635,586,656,248,204,259,187,199,304,284,207,141,176,143,133,185,161,200,204,106,91,110,153,74,136,138,98,93,95,83,159,57,80,107,0,0
195,73098494,10994,10864.93,129.07,4,128.03,13.32,0.60,11050,10865,185,-0.37,73,11486,7753,1824,2027,838,477,758,476,304,183,199,183,165,340,292,138,135,139,135,125,216,153,184,135,122,117,113,120,78,158,153,128,89,93,72,142,68,60,88,0,0
196,73098579,10980,10864.93,115.07,4,127.87,13.31,0.60,11050,10865,185,-0.37,70,12368,7798,1173,1379,1327,893,492,830,528,464,489,361,234,439,440,188,260,157,230,214,221,176,295,262,190,177,123,182,130,157,189,171,114,116,88,130,126,139,139,0,0
