images,names
24hour1(11)_N.jpg,CATZ190267
24hour1(12)_N.jpg,CATZ190267
24hour1(13)_N.jpg,CATZ190267
catest01-0-16112021-1742-15-MelissaDoug_N.jpg,PTLZD87959
Driving(1)_N.jpg,02884MSM
Driving(10)_N.jpg,HT2146
Driving(13)_N.jpg,SHT2140
Driving(44)_N.jpg,SWFZ182761
Driving(54)_N.jpg,595518
Driving(74)_N.jpg,800 543 5589
Driving(89)_N.jpg,139160
Driving(124)_N.jpg,53246
Driving(139)_N.jpg,53258
Driving(162)_N.jpg,SWRU 944 455
Driving(164)_N.jpg,SWRU 944 455
Driving(177)_N.jpg,877 221 3213
Driving(185)_N.jpg,877 221 3213
Driving(188)_N.jpg,289474
Driving(189)_N.jpg,289474
Driving(190)_N.jpg,T196
Driving(191)_N.jpg,T196
Driving(194)_N.jpg,T196
Driving(201)_N.jpg,877 PRIME JOB
Driving(202)_License.jpg,08B 649
Driving(203)_N.jpg,877 PRIME JOB
Driving(204)_N.jpg,877 PRIME JOB
Driving(205)_License.jpg,08B 649
Driving(206)_License.jpg,08B 649
Driving(208)_N.jpg,215373
Driving(209)_N.jpg,877 PRIME JOB
Driving(214)_N.jpg,215373
Driving(220)_N.jpg,215373
Driving(224)_N.jpg,215373
Driving(250)_N.jpg,NE5363
Driving(252)_N.jpg,164168
Driving(254)_N.jpg,164168
Driving(255)_N.jpg,164168
Driving(267)_N.jpg,164168
Driving(274)_N.jpg,104
Driving(275)_N.jpg,104
Driving(286)_N.jpg,1 888 SHIP GSO
Driving(297)_N.jpg,061832
Driving(299)_N.jpg,061832
Driving(303)_N.jpg,061832
Driving(305)_N.jpg,061832
Driving(306)_N.jpg,061832
IMG_9015_N.jpg,1232
IMG_9021_N.jpg,530B4
IMG_9028_N.jpg,1967
IMG_9030_N.jpg,1967
IMG_9036_License.jpg,PA98380
IMG_9160_License.jpg,432177Y
IMG_9164_N.jpg,329
IMG_9167_License.jpg,P660753
IMG_9170_License.jpg,285001
IMG_9171_License.jpg,008500T
IMG_9176_N.jpg,86813
IMG_9188_N.jpg,R6043
IMG_9190_N.jpg,53200
IMG_9191_N.jpg,U65722
IMG_9199_N.jpg,TR67
IMG_9200_N.jpg,537574
IMG_9210_N.jpg,SWFZ181498
IMG_9213_License.jpg,028848T
IMG_9222_N.jpg,520930
IMG_9223_N.jpg,520930
IMG_9226_N.jpg,800 660 9866
IMG_9228_License.jpg,3541KI
IMG_9232_License.jpg,28 40481
IMG_9234_N.jpg,537220
IMG_9238_N.jpg,488508
IMG_9286_N.jpg,U44220
IMG_9292_N.jpg,2088
IMG_9293_License.jpg,4JF9065
IMG_9298_License.jpg,P662976
IMG_9312_License.jpg,TH6384
IMG_9314_N.jpg,5389
IMG_9316_License.jpg,4HD9802
IMG_9316_N.jpg,5389
IMG_9317_License.jpg,4HD9802
IMG_9319_N.jpg,458353
MD(1)_N.jpg,92098
MD(15)_N.jpg,92098
MD(20)_N.jpg,92098
MD(21)_N.jpg,92098
MD(25)_N.jpg,92098
MD(32)_License.jpg,L589496
MD(39)_License.jpg,L589496
MD(48)_N.jpg,101
MD(77)_N.jpg,PRTZ088099
MD(83)_N.jpg,PRTZ088099
MD(86)_N.jpg,PRTZ088099
MD(94)_N.jpg,PRTZ088099
MD(103)_N.jpg,PTLZD87966
MD(104)_N.jpg,PTLZD87966
MD(108)_N.jpg,PTLZD87966
MD(112)_License.jpg,P368345
MD(113)_License.jpg,P368345
MD(113)_N.jpg,821001
MD(114)_N.jpg,821001
MD(116)_N.jpg,821001
MD(121)_N.jpg,821001
MD(123)_N.jpg,821001
MD(126)_N.jpg,821001
MD(142)_N.jpg,MBQZ 269706
MD(145)_N.jpg,MBQZ 269706
MD(146)_N.jpg,MBQZ 269706
newsnapshot_2021_11_04_09_36_53_License.jpg,U930116
security(2)_License.jpg,3178050
security(3)_License.jpg,3178050
security(4)_N.jpg,6073
security(7)_License.jpg,2297851
security(10)_License.jpg,P984236
security(11)_License.jpg,29603M
security(12)_N.jpg,200133
security(16)_License.jpg,8258KT
security(17)_License.jpg,2543632
security(23)_License.jpg,35350A1
security(23)_N.jpg,1 800 GOFedEx
security(24)_N.jpg,1 800 GOFedEx
security(25)_N.jpg,558421
security(27)_License.jpg,35350A1
security(32)_License.jpg,3164JY
security(33)_License.jpg,3164JY
security(34)_License.jpg,3070650
security(35)_License.jpg,2967364
security(36)_License.jpg,2967364
security(39)_License.jpg,9E78065
security(44)_License.jpg,U412437
security(46)_License.jpg,251075F
security(48)_License.jpg,251075F
security(50)_License.jpg,9E78065
security(59)_License.jpg,9G22892
security(60)_License.jpg,YA1U067
security(63)_License.jpg,VP94415
security(66)_License.jpg,9F30276
security(67)_License.jpg,XP77479
security(72)_License.jpg,222403A
security(75)_License.jpg,WP97854
security(77)_License.jpg,765246
security(77)_N.jpg,25826
security(79)_License.jpg,765246
security(80)_License.jpg,P1066842
security(83)_N.jpg,L7230
security(87)_License.jpg,3910766
security(88)_License.jpg,3910766
security(89)_License.jpg,3171735
security(91)_N.jpg,W12916
snapshot_2021_11_05_11_15_51_N.jpg,22N
snapshot_2021_11_05_11_15_52_N.jpg,22N
snapshot_2021_11_05_11_19_04_N.jpg,208
snapshot_2021_11_05_11_19_07 (1)_License.jpg,XP21163
snapshot_2021_11_05_11_22_18_N.jpg,CTLZ010153
snapshot_2021_11_05_11_23_08_License.jpg,4UB6190
snapshot_2021_11_05_11_23_09 (1)_N.jpg,CST 53V107
snapshot_2021_11_05_11_23_10_License.jpg,4UB6190
snapshot_2021_11_05_11_23_10_N.jpg,CST 53V107
snapshot_2021_11_05_11_27_21_License.jpg,89240A1
snapshot_2021_11_05_11_33_58_License.jpg,2286777
snapshot_2021_11_05_11_40_42_License.jpg,5JXK573
snapshot_2021_11_05_11_44_03_N.jpg,02
snapshot_2021_11_05_11_47_26_License.jpg,XP38208
snapshot_2021_11_05_12_04_00_License.jpg,4NW9044
snapshot_2021_11_05_12_34_23_License.jpg,4RZ6184
snapshot_2021_11_05_12_37_02_N.jpg,2101
snapshot_2021_11_05_12_55_52_N.jpg,979
snapshot_2021_11_05_12_55_53_License.jpg,XP50623
snapshot_2021_11_05_12_55_54_License.jpg,XP50623
snapshot_2021_11_05_12_58_27_License.jpg,3176888
snapshot_2021_11_05_12_58_28 (1)_License.jpg,3176888
snapshot_2021_11_05_12_59_39_License.jpg,2286777
snapshot_2021_11_05_13_02_26_License.jpg,4CSA952
snapshot_2021_11_05_13_02_40_License.jpg,BT55111
snapshot_2021_11_05_13_04_37 (1)_License.jpg,XP95332
snapshot_2021_11_05_13_05_36_License.jpg,8XVJ275
snapshot_2021_11_05_13_06_18_License.jpg,8FCC913
snapshot_2021_11_05_13_06_48_License.jpg,7PTV405
snapshot_2021_11_05_13_06_51_License.jpg,8HFM845
snapshot_2021_11_05_13_15_27_License.jpg,9E83739
snapshot_2021_11_05_13_15_29_License.jpg,9E83739
snapshot_2021_11_05_13_16_38_License.jpg,7PRP032
snapshot_2021_11_05_13_18_51_License.jpg,XP38124
snapshot_2021_11_05_13_19_43_License.jpg,6PJ2321
snapshot_2021_11_05_13_22_53_N.jpg,486330
snapshot_2021_11_05_13_22_54_License.jpg,L827538
snapshot_2021_11_05_13_23_05_N.jpg,U95668
snapshot_2021_11_05_13_31_04_N.jpg,PTLZ087959
snapshot_2021_11_05_13_31_06_N.jpg,PTLZ087959
snapshot_2021_11_05_13_33_14_License.jpg,7SLY379
snapshot_2021_11_05_13_34_07_License.jpg,7MXZ979
snapshot_2021_11_05_13_35_54_N.jpg,23
snapshot_2021_11_05_13_47_33_License.jpg,2286777
snapshot_2021_11_05_13_47_35_License.jpg,2286777
snapshot_2021_11_05_13_54_06_License.jpg,11072L2
snapshot_2021_11_05_14_02_54_License.jpg,8ULF410
snapshot_2021_11_05_14_06_28_N.jpg,X13274
snapshot_2021_11_05_14_06_29_License.jpg,P954052
snapshot_2021_11_05_14_06_29_N.jpg,X13274
snapshot_2021_11_05_14_11_56_License.jpg,2138KI
snapshot_2021_11_05_14_15_20_License.jpg,9G27365
snapshot_2021_11_05_14_15_21 (1)_License.jpg,9G27365
snapshot_2021_11_05_14_15_21_N.jpg,502
snapshot_2021_11_08_07_37_39_License.jpg,2494106
snapshot_2021_11_08_07_39_07_N.jpg,001
snapshot_2021_11_08_09_53_26_License.jpg,2286777
snapshot_2021_11_08_09_57_56 (1)_License.jpg,P398575
snapshot_2021_11_08_10_06_34_License.jpg,9F84869
snapshot_2021_11_08_10_06_41_License.jpg,XP68747
snapshot_2021_11_08_10_06_41_N.jpg,01
snapshot_2021_11_08_10_06_44_License.jpg,XP68747
snapshot_2021_11_08_10_06_44_N.jpg,01
snapshot_2021_11_08_10_27_13_License.jpg,2963772
snapshot_2021_11_08_10_27_22_License.jpg,XP40169
snapshot_2021_11_08_10_27_29_License.jpg,XP40169
snapshot_2021_11_08_10_28_35_License.jpg,9E91971
snapshot_2021_11_08_10_28_37 (1)_License.jpg,9E91971
snapshot_2021_11_08_10_41_18_License.jpg,7ETF028
snapshot_2021_11_08_10_44_15_License.jpg,YP29872
snapshot_2021_11_08_11_18_55_License.jpg,7932LK
snapshot_2021_11_08_11_18_58_License.jpg,7932LK
snapshot_2021_11_08_11_22_56_N.jpg,369098
snapshot_2021_11_08_11_22_58_N.jpg,27639
snapshot_2021_11_08_11_24_35_License.jpg,7TJS181
snapshot_2021_11_08_11_32_43_License.jpg,BUYD527
snapshot_2021_11_08_11_42_57_License.jpg,4TIG106
snapshot_2021_11_08_11_46_42_License.jpg,2717449
snapshot_2021_11_08_11_48_34_License.jpg,11072L2
snapshot_2021_11_08_11_48_54_License.jpg,11072L2
snapshot_2021_11_08_11_52_50_N.jpg,158965
snapshot_2021_11_08_11_52_53_License.jpg,P933099
snapshot_2021_11_08_11_52_55_License.jpg,P933099
snapshot_2021_11_08_11_52_55_N.jpg,158965
snapshot_2021_11_08_11_52_57_License.jpg,P933099
snapshot_2021_11_08_11_54_01_License.jpg,2743LG
snapshot_2021_11_08_11_54_01_N.jpg,PTLZ087966
snapshot_2021_11_08_11_54_03_License.jpg,2743LG
snapshot_2021_11_08_11_54_03_N.jpg,PTLZ087966
snapshot_2021_11_08_11_54_05_N.jpg,PTLZ087966
snapshot_2021_11_08_11_54_08_License.jpg,2743LG
snapshot_2021_11_08_11_54_08_N.jpg,PTLZ087966
snapshot_2021_11_08_12_06_17_License.jpg,2287773
snapshot_2021_11_08_12_06_18_License.jpg,2287773
snapshot_2021_11_08_12_08_01_License.jpg,93027V2
snapshot_2021_11_08_12_08_15_License.jpg,8UYD577
snapshot_2021_11_08_12_22_19_License.jpg,9E83474
snapshot_2021_11_08_12_26_19_N.jpg,W39303
snapshot_2021_11_08_12_26_20 (1)_N.jpg,W39303
snapshot_2021_11_08_12_28_05_License.jpg,57327K2
snapshot_2021_11_08_12_28_09_License.jpg,57327K2
snapshot_2021_11_08_12_30_17_License.jpg,P951001
snapshot_2021_11_08_12_39_20 (1)_License.jpg,9G14040
snapshot_2021_11_08_12_46_12_N.jpg,PRTZ087758
snapshot_2021_11_08_12_57_11_License.jpg,14877N2
snapshot_2021_11_08_13_02_29_License.jpg,9F57597
snapshot_2021_11_08_13_12_47_License.jpg,3107892
snapshot_2021_11_08_13_12_48_License.jpg,3107892
snapshot_2021_11_08_13_19_08_License.jpg,14877N2
snapshot_2021_11_08_13_20_22_License.jpg,AV 4243
snapshot_2021_11_08_13_20_23 (1)_License.jpg,AV 4243
snapshot_2021_11_08_13_20_23_N.jpg,P5140003
snapshot_2021_11_08_13_26_17_License.jpg,TL8631
snapshot_2021_11_08_13_26_18_N.jpg,209 607 3300
snapshot_2021_11_08_13_26_23_N.jpg,P5190115
snapshot_2021_11_08_13_26_24_N.jpg,P5190115
snapshot_2021_11_08_13_32_34_License.jpg,XP92788
snapshot_2021_11_08_13_32_36_License.jpg,XP92788
snapshot_2021_11_08_13_36_12_License.jpg,4SG7617
snapshot_2021_11_08_13_36_12_N.jpg,218
snapshot_2021_11_08_15_27_56_License.jpg,P931070
snapshot_2021_11_08_15_27_56_N.jpg,231448
snapshot_2021_11_08_15_36_07_N.jpg,2200102
snapshot_2021_11_08_15_38_21 (1)_License.jpg,YP25553
snapshot_2021_11_08_15_38_23_License.jpg,YP25553
snapshot_2021_11_08_15_40_41_N.jpg,EJGZ 102189
snapshot_2021_11_08_15_40_43_N.jpg,EJGZ 102189
snapshot_2021_11_08_15_44_39_License.jpg,2333753
snapshot_2021_11_08_15_44_40_License.jpg,2333753
snapshot_2021_11_08_15_46_10_License.jpg,9D69309
snapshot_2021_11_08_15_50_04 (1)_N.jpg,210
snapshot_2021_11_08_15_50_04_License.jpg,XP76784
snapshot_2021_11_08_15_50_04_N.jpg,210
snapshot_2021_11_08_15_50_05_N.jpg,210
snapshot_2021_11_08_16_01_59 (1)_N.jpg,841731
snapshot_2021_11_08_16_01_59_License.jpg,9F67461
snapshot_2021_11_08_16_02_00_License.jpg,9F67461
snapshot_2021_11_08_16_05_45_License.jpg,U463809
snapshot_2021_11_08_16_19_13_License.jpg,26147R2
snapshot_2021_11_08_16_33_52_N.jpg,1 800 GOFedEx
snapshot_2021_11_12_11_36_35 (1)_N.jpg,003
snapshot_2021_11_12_11_38_19_N.jpg,209
snapshot_2021_11_12_11_41_51_License.jpg,1WS8193
snapshot_2021_11_12_11_41_52_License.jpg,1WS8193
snapshot_2021_11_12_11_42_53 (1)_License.jpg,WP02316
snapshot_2021_11_12_11_42_53_N.jpg,537476
snapshot_2021_11_12_11_45_28_N.jpg,1 800 GOFedEx
snapshot_2021_11_12_11_50_15_N.jpg,P5190353
snapshot_2021_11_12_12_02_52_License.jpg,WP32060
snapshot_2021_11_12_12_02_53_License.jpg,WP32060
snapshot_2021_11_12_12_03_07_License.jpg,9F13926
snapshot_2021_11_12_12_07_10_N.jpg,P5190353
snapshot_2021_11_12_12_07_11_License.jpg,9G21034
snapshot_2021_11_12_12_13_26_License.jpg,9F81343
snapshot_2021_11_12_12_16_56_License.jpg,P1096817
snapshot_2021_11_12_12_16_56_N.jpg,153
snapshot_2021_11_12_12_32_19_License.jpg,40323
snapshot_2021_11_12_12_44_09_N.jpg,571033
snapshot_2021_11_12_12_55_00_License.jpg,XP76797
snapshot_2021_11_12_13_02_31_N.jpg,76503
snapshot_2021_11_12_13_02_32_License.jpg,WP05809
snapshot_2021_11_12_13_10_53_N.jpg,531119
snapshot_2021_11_12_13_19_46_License.jpg,P1117518
snapshot_2021_11_12_13_24_53_License.jpg,9F91370
snapshot_2021_11_12_13_24_55_N.jpg,22
snapshot_2021_11_12_13_30_38_N.jpg,PRTZ088099
snapshot_2021_11_12_16_00_49_License.jpg,8XMK145
snapshot_2021_11_12_16_02_58_N.jpg,20 2662
snapshot_2021_11_12_17_46_20_License.jpg,8WWD599
snapshot_2022_02_25_10_46_29_License.jpg,XP79006
snapshot_2022_02_25_10_46_34_N.jpg,820
snapshot_2022_02_25_10_49_35_N.jpg,800 543 5589
snapshot_2022_02_25_10_49_36_License.jpg,PB23930
snapshot_2022_02_25_10_49_36_N.jpg,LE3654
snapshot_2022_02_25_10_49_52_N.jpg,101
snapshot_2022_02_25_10_57_13_N.jpg,3808
snapshot_2022_02_25_11_02_28_N.jpg,929880
snapshot_2022_02_25_11_11_59_License.jpg,192724T
snapshot_2022_02_25_11_12_00_N.jpg,903066
snapshot_2022_02_25_11_18_51_License.jpg,21478T2
snapshot_2022_02_25_11_25_40_License.jpg,YP12472
snapshot_2022_02_25_11_31_28_License.jpg,53466Y1
snapshot_2022_02_25_11_36_05_License.jpg,98728000
snapshot_2022_02_25_11_50_02 (1)_License.jpg,4SA8197
snapshot_2022_02_25_11_50_02 (1)_N.jpg,524749
snapshot_2022_02_25_11_50_11 (1)_N.jpg,480492
snapshot_2022_02_25_11_50_11_N.jpg,480492
snapshot_2022_02_25_12_18_28_License.jpg,70571P2
snapshot_2022_02_25_12_43_04_License.jpg,8LMZ271
snapshot_2022_02_25_12_53_39_License.jpg,6LMX942
snapshot_2022_02_25_12_54_12_License.jpg,7KNL044
snapshot_2022_02_25_12_54_14_License.jpg,6AND929
snapshot_2022_02_25_12_54_16_License.jpg,5DEM889
snapshot_2022_02_25_13_00_44_License.jpg,2721336
snapshot_2022_02_25_13_02_53_License.jpg,7932LK
snapshot_2022_02_25_13_08_21 (1)_License.jpg,70571P2
snapshot_2022_02_25_13_11_46_License.jpg,91214H2
snapshot_2022_02_25_13_29_08_License.jpg,XP60032
snapshot_2022_02_25_13_29_08_N.jpg,101
snapshot_2022_02_25_13_50_28_License.jpg,YP36736
snapshot_2022_02_25_13_50_28_N.jpg,DN58
snapshot_2022_02_25_13_50_31_N.jpg,DN58
snapshot_2022_02_25_13_51_58_License.jpg,2660116
snapshot_2022_02_25_13_53_39_N.jpg,53104
snapshot_2022_02_25_14_04_58_N.jpg,488267CB
snapshot_2022_02_25_14_44_29_License.jpg,XP48649
snapshot_2022_02_25_14_45_37_License.jpg,3EY026
snapshot_2022_02_25_14_45_37_N.jpg,V10326
snapshot_2022_02_25_14_48_54_License.jpg,95239HZ
snapshot_2022_02_25_16_11_17_License.jpg,9E28423
snapshot_2022_02_28_11_42_58_License.jpg,2259LT
snapshot_2022_02_28_11_43_09_License.jpg,4RR5306
snapshot_2022_02_28_11_51_40_License.jpg,2518235
snapshot_2022_02_28_11_51_41_License.jpg,2518235
snapshot_2022_02_28_11_57_51_License.jpg,XP60032
snapshot_2022_02_28_11_58_31_License.jpg,4CLK191
snapshot_2022_02_28_11_59_40_License.jpg,98143000
snapshot_2022_02_28_12_02_17_License.jpg,P752720
snapshot_2022_02_28_12_14_12_N.jpg,800 486 7222
snapshot_2022_02_28_12_39_33_N.jpg,PTLZ087966
snapshot_2022_02_28_12_44_57_N.jpg,8
snapshot_2022_02_28_12_49_11_N.jpg,866 347 2260
snapshot_2022_02_28_12_51_32_License.jpg,79722S2
snapshot_2022_02_28_12_57_20_License.jpg,9E87215
snapshot_2022_02_28_13_02_20_License.jpg,XP60032
snapshot_2022_02_28_13_12_34_License.jpg,8AYV492
snapshot_2022_02_28_14_04_30_License.jpg,XP71627
snapshot_2022_02_28_14_09_44_License.jpg,U239598
snapshot_2022_02_28_14_34_25 (1)_License.jpg,XP60032
snapshot_2022_02_28_14_41_28_License.jpg,6LMX942
snapshot_2022_02_28_14_43_00_License.jpg,7HQU369
snapshot_2022_02_28_14_43_32_License.jpg,7VGH091
snapshot_2022_02_28_14_43_57_License.jpg,6S0X849
snapshot_2022_02_28_14_44_18_License.jpg,8GGG484
snapshot_2022_02_28_14_46_58_License.jpg,60146X2
snapshot_2022_02_28_14_49_18_License.jpg,72BW744
snapshot_2022_02_28_14_51_05_License.jpg,8AFV272
snapshot_2022_02_28_14_55_29_License.jpg,P487870
snapshot_2022_02_28_14_55_29_N.jpg,820743
snapshot_2022_02_28_15_00_44_License.jpg,VP94493
snapshot_2022_02_28_15_32_06_License.jpg,23B1583
snapshot_2022_02_28_15_32_32_License.jpg,95239HZ
snapshot_2022_02_28_15_32_52_License.jpg,XP60032
snapshot_2022_02_28_15_32_53_N.jpg,101
snapshot_2022_03_01_07_01_46_License.jpg,60146X2
snapshot_2022_03_01_10_04_01_License.jpg,2259LT
snapshot_2022_03_01_10_04_01_N.jpg,PRTZ088048
snapshot_2022_03_01_10_08_20_License.jpg,XP52439
snapshot_2022_03_01_10_08_30_License.jpg,YP13988
snapshot_2022_03_01_10_20_15_License.jpg,XP60032
snapshot_2022_03_01_10_20_15_N.jpg,101
snapshot_2022_03_01_10_23_59_License.jpg,9F57476
snapshot_2022_03_01_10_24_01_License.jpg,9F57476
snapshot_2022_03_01_10_24_01_N.jpg,105
snapshot_2022_03_01_10_32_33_License.jpg,2625688
snapshot_2022_03_01_10_37_10_N.jpg,64
snapshot_2022_03_01_10_37_11_N.jpg,64
snapshot_2022_03_01_10_37_12_License.jpg,8X55923
snapshot_2022_03_01_10_59_37 (1)_N.jpg,TSXZ407131
snapshot_2022_03_01_11_02_31_License.jpg,2014780
snapshot_2022_03_01_11_02_31_N.jpg,TSXZ436921
snapshot_2022_03_01_11_25_03_License.jpg,9F13926
snapshot_2022_03_01_11_38_53_License.jpg,39031L2
snapshot_2022_03_01_11_54_41_License.jpg,XP60032
vlcsnap-2021-10-15-16h11m58s269_N.jpg,S59
vlcsnap-2021-10-15-16h12m00s138_N.jpg,S59
vlcsnap-2021-10-15-16h12m30s397_N.jpg,S59
vlcsnap-2021-10-15-16h13m50s467_N.jpg,W12072
vlcsnap-2021-10-15-16h13m55s271_N.jpg,W12072
vlcsnap-2021-10-15-16h13m59s105_N.jpg,W12072
vlcsnap-2021-10-15-16h14m30s588_N.jpg,W12072
vlcsnap-2021-10-15-16h14m40s168_N.jpg,W12072
vlcsnap-2021-10-15-16h14m43s567_N.jpg,W12072
vlcsnap-2021-10-15-16h14m44s332_N.jpg,W12072
vlcsnap-2021-10-15-16h14m50s726_N.jpg,W12072
vlcsnap-2021-10-15-16h14m51s263_N.jpg,W12072
vlcsnap-2021-10-15-16h14m58s200_N.jpg,W12072
vlcsnap-2021-10-15-16h14m58s666_N.jpg,W12072
vlcsnap-2021-10-15-16h14m59s868_N.jpg,W12072
24hour1(10)_License.jpg,11072L2
catest01-0-15112021-2125-34-_N.jpg,163677
Driving(2)_N.jpg,92904MSM
Driving(20)_N.jpg,SHT2146
Driving(21)_N.jpg,SHT2146
Driving(27)_N.jpg,153198
Driving(39)_N.jpg,1 888 664 4004
Driving(43)_N.jpg,SWFZ182761
Driving(81)_N.jpg,D620309
Driving(82)_N.jpg,D620309
Driving(87)_N.jpg,139160
Driving(88)_N.jpg,139160
Driving(90)_N.jpg,139160
Driving(123)_N.jpg,53246
Driving(129)_N.jpg,P5159562
Driving(136)_N.jpg,523376
Driving(138)_N.jpg,53258
Driving(152)_N.jpg,314446
Driving(153)_N.jpg,314446
Driving(154)_N.jpg,314446
Driving(176)_N.jpg,8772213213
Driving(180)_N.jpg,877 221 3213
Driving(181)_N.jpg,439654
Driving(182)_N.jpg,439654
Driving(183)_N.jpg,877 221 3213
Driving(186)_N.jpg,877 22 3213
Driving(193)_N.jpg,T196
Driving(195)_N.jpg,T196
Driving(197)_N.jpg,T196
Driving(200)_License.jpg,088 649
Driving(202)_N.jpg,877 PRIME JOB
Driving(205)_N.jpg,215373
Driving(207)_N.jpg,215373
Driving(212)_N.jpg,215373
Driving(213)_N.jpg,215373
Driving(215)_N.jpg,215373
Driving(225)_N.jpg,215373
Driving(226)_N.jpg,215373
Driving(231)_N.jpg,215373
Driving(232)_N.jpg,215373
Driving(269)_N.jpg,164168
Driving(271)_N.jpg,104
Driving(287)_N.jpg,1 888 SHIP GSO
Driving(288)_N.jpg,1 888 SHIP GSO
Driving(296)_N.jpg,061832
Driving(306)_License.jpg,124096
Driving(320)_N.jpg,39936
IMG_9014_License.jpg,P561397
IMG_9014_N.jpg,23168
IMG_9016_N.jpg,1232
IMG_9027_License.jpg,4HL5344
IMG_9029_N.jpg,323 890-8100
IMG_9033_N.jpg,951 429 2899
IMG_9160_N.jpg,W88717
IMG_9164_License.jpg,4ER5038
IMG_9175_N.jpg,86813
IMG_9186_N.jpg,R6043
IMG_9187_License.jpg,4RY5551
IMG_9191_License.jpg,4PL6628
IMG_9192_N.jpg,U65733
IMG_9194_N.jpg,SWFZ136208
IMG_9195_N.jpg,SWFZ136208
IMG_9196_License.jpg,P375368
IMG_9196_N.jpg,SWFZ136208
IMG_9197_N.jpg,SWFZ136208
IMG_9204_License.jpg,41W3323
IMG_9205_License.jpg,41W3323
IMG_9211_N.jpg,SWFZ131498
IMG_9219_N.jpg,SWFZ153670
IMG_9225_License.jpg,C 181810
IMG_9226_License.jpg,C 181810
IMG_9235_N.jpg,U99969
IMG_9236_N.jpg,U99969
IMG_9290_N.jpg,17122
IMG_9291_N.jpg,K1090
IMG_9293_N.jpg,2088
IMG_9294_N.jpg,20578
IMG_9295_N.jpg,20578
IMG_9303_License.jpg,8A78905
IMG_9306_License.jpg,P449954
IMG_9315_License.jpg,4HD9882
IMG_9315_N.jpg,5389
MD(17)_N.jpg,92098
MD(18)_N.jpg,92098
MD(22)_N.jpg,92098
MD(23)_N.jpg,92098
MD(26)_N.jpg,92098
MD(33)_License.jpg,L589496
MD(35)_License.jpg,L589496
MD(36)_License.jpg,L589496
MD(78)_N.jpg,PRTZ088099
MD(81)_N.jpg,PRTZ088099
MD(82)_N.jpg,PRTZ088099
MD(84)_N.jpg,PRTZ088099
MD(87)_N.jpg,PRTZ088099
MD(90)_N.jpg,PRTZ088099
MD(92)_N.jpg,PRTZ088099
MD(93)_N.jpg,PRTZ088099
MD(100)_N.jpg,PLTZ087966
MD(102)_N.jpg,PLTZ087966
MD(105)_N.jpg,PLTZ087966
MD(107)_N.jpg,PLTZ087966
MD(112)_N.jpg,821001
MD(117)_N.jpg,821001
MD(118)_N.jpg,821001
MD(122)_N.jpg,821001
MD(124)_N.jpg,821001
MD(143)_N.jpg,MEQZ 269706
MD(144)_N.jpg,MEQZ 269706
MD(147)_N.jpg,MEQZ 269706
MD(149)_N.jpg,MEQZ 269706
MD(151)_N.jpg,MEQZ 269706
security(6)_N.jpg,6073
security(10)_N.jpg,311 0291
security(11)_N.jpg,372751
security(13)_License.jpg,2533114
security(13)_N.jpg,200133
security(15)_License.jpg,8258KT
security(18)_N.jpg,1514
security(26)_N.jpg,558421
security(40)_License.jpg,2286777
security(41)_License.jpg,2286777
security(43)_License.jpg,U412437
security(55)_License.jpg,VP94415
security(55)_N.jpg,66169
security(57)_License.jpg,LCN 5217
security(58)_License.jpg,LCN 5217
security(63)_N.jpg,66169
security(65)_License.jpg,9F30276
security(65)_N.jpg,5382
security(66)_N.jpg,168
security(68)_License.jpg,8K57051
security(78)_License.jpg,765246
security(81)_License.jpg,P1066842
security(81)_N.jpg,4044
security(83)_License.jpg,311078
security(85__License.jpg,765246
security(93)_N.jpg,W12916
snapshot_2021_11_05_11_15_09_N.jpg,PRTZ088048
snapshot_2021_11_05_11_15_10_N.jpg,PRTZ088048
snapshot_2021_11_05_11_15_51_License.jpg,XP80670
snapshot_2021_11_05_11_15_54_License.jpg,XP80670
snapshot_2021_11_05_11_19_07 (1)_N.jpg,208
snapshot_2021_11_05_11_23_09 (1)_License.jpg,4UB6190
snapshot_2021_11_05_11_23_09_License.jpg,4UB6190
snapshot_2021_11_05_11_23_09_N.jpg,CST 53V107
snapshot_2021_11_05_11_27_21_N.jpg,209 524 0104
snapshot_2021_11_05_11_27_31_License.jpg,52713X2
snapshot_2021_11_05_11_27_43_License.jpg,2469113
snapshot_2021_11_05_11_33_57_License.jpg,2286777
snapshot_2021_11_05_11_44_03_License.jpg,YP 25553
snapshot_2021_11_05_11_47_25_License.jpg,XP 38208
snapshot_2021_11_05_11_47_27_N.jpg,07
snapshot_2021_11_05_11_49_13_License.jpg,8XLP884
snapshot_2021_11_05_11_52_49_License.jpg,8RHU864
snapshot_2021_11_05_12_02_17_License.jpg,9G19919
snapshot_2021_11_05_12_34_21_License.jpg,4RZ6184
snapshot_2021_11_05_12_34_23 (1)_License.jpg,4RZ6184
snapshot_2021_11_05_12_37_02_License.jpg,9F93750
snapshot_2021_11_05_12_38_11_License.jpg,8WZP503
snapshot_2021_11_05_12_42_54_License.jpg,LCK 5217
snapshot_2021_11_05_12_43_33_License.jpg,14877N2
snapshot_2021_11_05_12_43_34_License.jpg,14877N2
snapshot_2021_11_05_12_43_35_License.jpg,14877N2
snapshot_2021_11_05_12_55_53_N.jpg,979
snapshot_2021_11_05_12_55_54_N.jpg,979
snapshot_2021_11_05_12_59_40_License.jpg,2286777
snapshot_2021_11_05_12_59_41_License.jpg,2286777
snapshot_2021_11_05_13_02_44_License.jpg,K HUNDAL
snapshot_2021_11_05_13_05_41_License.jpg,8CRM467
snapshot_2021_11_05_13_05_44_License.jpg,8SYZ047
snapshot_2021_11_05_13_05_45_License.jpg,8SYZ047
snapshot_2021_11_05_13_05_58_License.jpg,96253A2
snapshot_2021_11_05_13_06_42_License.jpg,7NEK417
snapshot_2021_11_05_13_08_41_License.jpg,8Y0S876
snapshot_2021_11_05_13_14_37 (1)_License.jpg,6VZK108
snapshot_2021_11_05_13_14_37_License.jpg,6VZK108
snapshot_2021_11_05_13_15_30_License.jpg,9E83739
snapshot_2021_11_05_13_15_30_N.jpg,U2583
snapshot_2021_11_05_13_18_52_License.jpg,XP38124
snapshot_2021_11_05_13_23_03_N.jpg,U95668
snapshot_2021_11_05_13_34_56_License.jpg,7KWH083
snapshot_2021_11_05_13_35_54_License.jpg,9E28511
snapshot_2021_11_05_13_47_35_N.jpg,PRTZ087758
snapshot_2021_11_05_13_57_23_License.jpg,8WZP503
snapshot_2021_11_05_14_06_28_License.jpg,P954052
snapshot_2021_11_05_14_07_31_License.jpg,5FAD931
snapshot_2021_11_05_14_07_48_License.jpg,6X0V245
snapshot_2021_11_05_14_15_21 (1)_N.jpg,502
snapshot_2021_11_05_14_15_21_License.jpg,9G27365
snapshot_2021_11_08_07_39_07 (1)_N.jpg,001
snapshot_2021_11_08_09_53_26_N.jpg,PRTZ088099
snapshot_2021_11_08_10_06_32_License.jpg,9F84869
snapshot_2021_11_08_10_06_43_N.jpg,01
snapshot_2021_11_08_10_27_13_N.jpg,21106
snapshot_2021_11_08_10_27_15_License.jpg,2963772
snapshot_2021_11_08_10_27_16_License.jpg,2963772
snapshot_2021_11_08_10_27_32_License.jpg,XP40169
snapshot_2021_11_08_10_28_14 (1)_N.jpg,R BTU 531066
snapshot_2021_11_08_10_28_14_N.jpg,R BTU 531066
snapshot_2021_11_08_10_28_37_License.jpg,9E91971
snapshot_2021_11_08_10_28_49_License.jpg,JC6 38P
snapshot_2021_11_08_10_28_49_N.jpg,258
snapshot_2021_11_08_10_44_15_N.jpg,03
snapshot_2021_11_08_11_22_57 (1)_N.jpg,369098
snapshot_2021_11_08_11_22_57_N.jpg,369098
snapshot_2021_11_08_11_24_35_N.jpg,27639
snapshot_2021_11_08_11_32_43 (1)_License.jpg,8UYD577
snapshot_2021_11_08_11_36_18_License.jpg,YP 25553
snapshot_2021_11_08_11_36_19_License.jpg,YP 25553
snapshot_2021_11_08_11_39_36_License.jpg,11072L2
snapshot_2021_11_08_11_39_37 (1)_License.jpg,11072L2
snapshot_2021_11_08_11_41_39 (1)_N.jpg,123
snapshot_2021_11_08_11_41_39_N.jpg,123
snapshot_2021_11_08_11_41_40_N.jpg,123
snapshot_2021_11_08_11_43_35_License.jpg,93027V2
snapshot_2021_11_08_11_46_39_License.jpg,2717449
snapshot_2021_11_08_11_46_41_License.jpg,2717449
snapshot_2021_11_08_11_52_50_License.jpg,P933099
snapshot_2021_11_08_11_52_52_License.jpg,P933099
snapshot_2021_11_08_11_52_53_N.jpg,158965
snapshot_2021_11_08_11_53_02_N.jpg,158965
snapshot_2021_11_08_11_54_05_License.jpg,2743LG
snapshot_2021_11_08_12_07_54_License.jpg,2XZ136
snapshot_2021_11_08_12_07_54_N.jpg,362599
snapshot_2021_11_08_12_07_55_License.jpg,2XZ136
snapshot_2021_11_08_12_22_15_License.jpg,9EB3474
snapshot_2021_11_08_12_22_18_License.jpg,9EB3474
snapshot_2021_11_08_12_25_20_License.jpg,1550KI
snapshot_2021_11_08_12_25_23_License.jpg,1550KI
snapshot_2021_11_08_12_26_20_N.jpg,W39303
snapshot_2021_11_08_12_27_59_License.jpg,57327K2
snapshot_2021_11_08_12_32_24_N.jpg,149150
snapshot_2021_11_08_12_32_55_License.jpg,2718LT
snapshot_2021_11_08_12_32_55_N.jpg,PRTZ088099
snapshot_2021_11_08_12_33_52_License.jpg,2797485
snapshot_2021_11_08_12_40_38_N.jpg,843868
snapshot_2021_11_08_12_50_23_License.jpg,P957791
snapshot_2021_11_08_12_52_41_License.jpg,14877N2
snapshot_2021_11_08_13_02_28_N.jpg,W39303
snapshot_2021_11_08_13_10_12_License.jpg,2469112
snapshot_2021_11_08_13_12_48_N.jpg,221371
snapshot_2021_11_08_13_17_09_License.jpg,14877N2
snapshot_2021_11_08_13_20_22_N.jpg,P5140003
snapshot_2021_11_08_13_20_23 (1)_N.jpg,P5140003
snapshot_2021_11_08_13_36_13_License.jpg,4S67617
snapshot_2021_11_08_15_15_41_License.jpg,YP03662
snapshot_2021_11_08_15_27_57_License.jpg,P931070
snapshot_2021_11_08_15_27_58_N.jpg,231448
snapshot_2021_11_08_15_35_40_License.jpg,9690000
snapshot_2021_11_08_15_36_01_N.jpg,2200102
snapshot_2021_11_08_15_38_22_License.jpg,YP25553
snapshot_2021_11_08_15_39_39_N.jpg,1800 PICK UPS
snapshot_2021_11_08_15_44_40 (1)_License.jpg,2333753
snapshot_2021_11_08_15_50_04 (1)_License.jpg,XP76784
snapshot_2021_11_08_15_50_06_License.jpg,XP76784
snapshot_2021_11_08_16_02_00_N.jpg,841731
snapshot_2021_11_08_16_19_12_License.jpg,26147R2
snapshot_2021_11_08_16_24_13_License.jpg,2791462
snapshot_2021_11_12_11_32_59_License.jpg,82710AC
snapshot_2021_11_12_11_36_35 (1)_License.jpg,XP75522
snapshot_2021_11_12_11_42_53 (1)_N.jpg,66327
snapshot_2021_11_12_11_50_15 (1)_N.jpg,P5190353
snapshot_2021_11_12_11_50_15_License.jpg,BN 3091
snapshot_2021_11_12_11_50_16_License.jpg,BN 3091
snapshot_2021_11_12_11_51_17_License.jpg,XP72886
snapshot_2021_11_12_11_57_52_License.jpg,TR4531
snapshot_2021_11_12_11_57_52_N.jpg,925 400 9094
snapshot_2021_11_12_11_57_53_N.jpg,925 400 9094
snapshot_2021_11_12_12_02_51_License.jpg,WP32060
snapshot_2021_11_12_12_02_51_N.jpg,94
snapshot_2021_11_12_12_02_52_N.jpg,94
snapshot_2021_11_12_12_04_30_License.jpg,PA22
snapshot_2021_11_12_12_04_30_N.jpg,771033
snapshot_2021_11_12_12_04_31 (1)_License.jpg,PA22
snapshot_2021_11_12_12_04_31 (1)_N.jpg,771033
snapshot_2021_11_12_12_07_10_License.jpg,9G21034
snapshot_2021_11_12_12_12_28_License.jpg,11072L2
snapshot_2021_11_12_12_13_31_License.jpg,9F81343
snapshot_2021_11_12_12_16_55_License.jpg,P1096817
snapshot_2021_11_12_12_19_20_License.jpg,11072L2
snapshot_2021_11_12_12_55_00_N.jpg,209
snapshot_2021_11_12_12_56_52_License.jpg,9G34045
snapshot_2021_11_12_12_56_53 (1)_License.jpg,9G34045
snapshot_2021_11_12_13_02_32_N.jpg,76503
snapshot_2021_11_12_13_19_44_License.jpg,P1117518
snapshot_2021_11_12_13_19_46 (1)_License.jpg,P1117518
snapshot_2021_11_12_13_24_54_License.jpg,9F91370
snapshot_2021_11_12_13_30_38_License.jpg,2286777
snapshot_2021_11_12_16_00_45_License.jpg,8XMK145
snapshot_2021_11_12_16_02_16_License.jpg,8WWD599
snapshot_2021_11_12_16_03_27_N.jpg,126383
snapshot_2021_11_12_16_03_29 (1)_N.jpg,126383
snapshot_2021_11_12_16_03_29_N.jpg,126383
snapshot_2022_02_25_10_46_34_License.jpg,XP79006
snapshot_2022_02_25_10_49_54_N.jpg,101
snapshot_2022_02_25_11_02_27_N.jpg,929880
snapshot_2022_02_25_11_11_59_N.jpg,903066
snapshot_2022_02_25_11_12_00_License.jpg,192724T
snapshot_2022_02_25_11_25_40 (1)_License.jpg,YP12472
snapshot_2022_02_25_11_25_40_N.jpg,6862
snapshot_2022_02_25_11_28_05_License.jpg,3083234
snapshot_2022_02_25_11_39_32_License.jpg,3125374
snapshot_2022_02_25_12_01_34_License.jpg,98728000
snapshot_2022_02_25_12_01_35_License.jpg,98728000
snapshot_2022_02_25_12_10_03_N.jpg,1800359
snapshot_2022_02_25_12_18_57_License.jpg,8AYV492
snapshot_2022_02_25_12_21_28_License.jpg,8EFE750
snapshot_2022_02_25_12_21_29_License.jpg,8EFE750
snapshot_2022_02_25_12_24_20 (1)_License.jpg,2791802
snapshot_2022_02_25_12_31_00_License.jpg,8RHU864
snapshot_2022_02_25_12_41_14_License.jpg,87232A3
snapshot_2022_02_25_12_41_15_N.jpg,1800359
snapshot_2022_02_25_12_41_23_License.jpg,8UXA545
snapshot_2022_02_25_12_53_33_License.jpg,26267V2
snapshot_2022_02_25_13_00_43_N.jpg,2721336
snapshot_2022_02_25_13_00_45_License.jpg,2721336
snapshot_2022_02_25_13_43_18_License.jpg,3CE399
snapshot_2022_02_25_13_53_39_License.jpg,S1767S
snapshot_2022_02_25_14_01_29_N.jpg,213
snapshot_2022_02_25_14_01_31_License.jpg,9E96877
snapshot_2022_02_25_14_01_31_N.jpg,WH SU 6001 567
snapshot_2022_02_25_14_04_58_License.jpg,J722653
snapshot_2022_02_25_14_44_32_License.jpg,XP48649
snapshot_2022_02_25_14_44_32_N.jpg,1155
snapshot_2022_02_25_14_45_34_License.jpg,3EY026
snapshot_2022_02_25_14_45_36_N.jpg,V10326
snapshot_2022_02_25_15_15_33_License.jpg,23B1503
snapshot_2022_02_25_15_24_36_License.jpg,XP60032
snapshot_2022_02_25_15_24_36_N.jpg,101
snapshot_2022_02_25_15_24_37_N.jpg,101
snapshot_2022_02_25_16_11_18_License.jpg,9E28423
snapshot_2022_02_25_16_11_18_N.jpg,245
snapshot_2022_02_28_10_24_45_N.jpg,532987
snapshot_2022_02_28_11_19_16_License.jpg,26147R2
snapshot_2022_02_28_11_19_16_N.jpg,1800 PICK UPS
snapshot_2022_02_28_11_44_02_N.jpg,14017
snapshot_2022_02_28_11_50_14 (1)_License.jpg,4KE1914
snapshot_2022_02_28_11_50_14 (1)_N.jpg,5337
snapshot_2022_02_28_11_50_14_N.jpg,5337
snapshot_2022_02_28_12_30_44_N.jpg,269909
snapshot_2022_02_28_12_50_49_License.jpg,XP24397
snapshot_2022_02_28_12_57_19_License.jpg,9E87215
snapshot_2022_02_28_14_04_31_License.jpg,XP71627
snapshot_2022_02_28_14_38_19_License.jpg,7PTV405
snapshot_2022_02_28_14_39_05_License.jpg,8BVY713
snapshot_2022_02_28_14_39_12_License.jpg,7KNL044
snapshot_2022_02_28_14_40_14_License.jpg,8LZP654
snapshot_2022_02_28_14_42_24_License.jpg,8JGH637
snapshot_2022_02_28_14_42_48_License.jpg,7YYY389
snapshot_2022_02_28_14_42_53_License.jpg,7MRE514
snapshot_2022_02_28_14_43_28_License.jpg,7TVK315
snapshot_2022_02_28_14_45_01_License.jpg,26267V2
snapshot_2022_02_28_14_47_05_License.jpg,8JMG104
snapshot_2022_02_28_14_49_03_License.jpg,8KDG502
snapshot_2022_02_28_14_56_18_License.jpg,7989RP
snapshot_2022_02_28_14_56_19_License.jpg,7989RP
snapshot_2022_02_28_14_56_19_N.jpg,505
snapshot_2022_02_28_15_11_52_License.jpg,77755B2
snapshot_2022_02_28_15_20_44_License.jpg,WP80393
snapshot_2022_03_01_07_03_02_License.jpg,8EUS773
snapshot_2022_03_01_10_08_18_License.jpg,XP52439
snapshot_2022_03_01_10_08_19_License.jpg,XP52439
snapshot_2022_03_01_10_08_27_License.jpg,YP13988
snapshot_2022_03_01_10_08_30 (1)_N.jpg,507
snapshot_2022_03_01_10_20_14_License.jpg,XP60032
snapshot_2022_03_01_10_20_14_N.jpg,101
snapshot_2022_03_01_10_20_16_License.jpg,XP60032
snapshot_2022_03_01_10_23_58_License.jpg,9F57476
snapshot_2022_03_01_10_37_12_N.jpg,64
snapshot_2022_03_01_10_49_58_License.jpg,9E87215
snapshot_2022_03_01_10_49_58_N.jpg,58
snapshot_2022_03_01_10_59_37 (1)_License.jpg,1WN8498
snapshot_2022_03_01_10_59_37_License.jpg,1WN8498
snapshot_2022_03_01_11_02_30_N.jpg,TSXZ436921
snapshot_2022_03_01_11_38_53 (1)_License.jpg,39031L2
vlcsnap-2021-10-15-16h11m55s863_N.jpg,S59
vlcsnap-2021-10-15-16h11m56s599_N.jpg,S59
vlcsnap-2021-10-15-16h14m20s470_N.jpg,W12072
vlcsnap-2021-10-15-16h14m21s537_N.jpg,W12072
vlcsnap-2021-10-15-16h14m41s266_N.jpg,W12072
vlcsnap-2021-10-15-16h14m51s766_N.jpg,W12072
vlcsnap-2021-10-15-16h14m59s199_N.jpg,W12072
vlcsnap-2021-10-15-16h15m00s532_N.jpg,W12072
Driving(161)_N.jpg,SWRU 944 455
24hour1(6)_License.jpg,L6C5513
24hour1(8)_License.jpg,11072LZ
24hour1(9)_License.jpg,1107ZL2
24hour1(40)_License.jpg,36116817
Driving(8)_N.jpg,SHT2140
Driving(9)_N.jpg,SHT2140
Driving(18)_N.jpg,SHT2140
Driving(19)_N.jpg,SHT2146
Driving(25)_N.jpg,153198
Driving(26)_N.jpg,153198
Driving(53)_N.jpg,595518
Driving(78)_N.jpg,144476
Driving(128)_N.jpg,P5159562
Driving(140)_N.jpg,53258
Driving(157)_N.jpg,2886
Driving(158)_N.jpg,2886
Driving(160)_N.jpg,SWR U 944 455
Driving(163)_N.jpg,SWR U 944 455
Driving(165)_N.jpg,SWR U 944 455
Driving(175)_N.jpg,877 2213213
Driving(184)_N.jpg,877.221.3213
Driving(185)_License.jpg,9704JL
Driving(186)_License.jpg,9704JL
Driving(192)_N.jpg,T196
Driving(196)_N.jpg,T196
Driving(198)_N.jpg,430394
Driving(199)_License.jpg,08B 649
Driving(199)_N.jpg,215373
Driving(201)_License.jpg,08B 649
Driving(206)_N.jpg,215373
Driving(211)_N.jpg,215373
Driving(218)_N.jpg,215373
Driving(219)_N.jpg,215373
Driving(227)_N.jpg,215373
Driving(228)_N.jpg,215373
Driving(248)_N.jpg,NE5363
Driving(249)_N.jpg,NE5363
Driving(251)_N.jpg,164168
Driving(253)_N.jpg,164168
Driving(268)_N.jpg,164168
Driving(270)_N.jpg,164168
Driving(272)_N.jpg,104
Driving(298)_N.jpg,061832'
Driving(319)_N.jpg,39936
Driving(321)_N.jpg,39936
IMG_9017_N.jpg,020'
IMG_9018_License.jpg,4UE8938
IMG_9018_N.jpg,020'
IMG_9026_N.jpg,140442
IMG_9029_License.jpg,2556478
IMG_9030_License.jpg,2556478
IMG_9031_License.jpg,2556478
IMG_9031_N.jpg,323 890 8100
IMG_9159_License.jpg,U931512
IMG_9159_N.jpg,432177Y
IMG_9161_License.jpg,432177Y
IMG_9161_N.jpg,W88717
IMG_9163_License.jpg,TL6252
IMG_9165_License.jpg,4ER5038
IMG_9165_N.jpg,329
IMG_9168_License.jpg,P660753
IMG_9177_N.jpg,86813
IMG_9187_N.jpg,R6043
IMG_9189_N.jpg,909 390 5007
IMG_9190_License.jpg,4PL6628
IMG_9192_License.jpg,4PL6628
IMG_9193_N.jpg,SWFZ136208
IMG_9198_N.jpg,TR67
IMG_9214_License.jpg,028848T
IMG_9217_N.jpg,SWFZ153670
IMG_9218_N.jpg,SWFZ153670
IMG_9224_N.jpg,520930
IMG_9227_N.jpg,537220
IMG_9228_N.jpg,537220
IMG_9229_License.jpg,28 40481
IMG_9231_License.jpg,28 40481
IMG_9234_License.jpg,3541KI
IMG_9287_N.jpg,U44220
IMG_9289_License.jpg,4FE4114
IMG_9302_License.jpg,8A78905
IMG_9306_N.jpg,SWFZ151655
IMG_9308_N.jpg,P53240
IMG_9317_N.jpg,5389
IMG_9319_License.jpg,P751596
IMG_9320_N.jpg,1 877 4 trk sales
MD(16)_N.jpg,92098
MD(19)_N.jpg,92098
MD(24)_N.jpg,92098
MD(34)_License.jpg,L589496
MD(37)_License.jpg,L589496
MD(48)_License.jpg,XP60032
MD(76)_N.jpg,PRTZ08809
MD(79)_N.jpg,PRTZ08809
MD(80)_N.jpg,PRTZ08809
MD(85)_N.jpg,PRTZ08809
MD(88)_N.jpg,PRTZ08809
MD(89)_N.jpg,PRTZ08809
MD(91)_N.jpg,PRTZ08809
MD(99)_N.jpg,PLTZ087966
MD(101)_N.jpg,PLTZ087966
MD(106)_N.jpg,PLTZ087966
MD(109)_N.jpg,PLTZ087966
MD(110)_N.jpg,PLTZ087966
MD(114)_License.jpg,P368345
MD(115)_License.jpg,P368345
MD(115)_N.jpg,821001
MD(116)_License.jpg,P368345
MD(119)_N.jpg,821001
MD(120)_N.jpg,821001
MD(125)_N.jpg,821001
MD(141)_N.jpg,MEQZ 268706
MD(148)_N.jpg,MEQZ 268706
MD(150)_N.jpg,MEQZ 268706
MD(152)_N.jpg,MEQZ 268706
security(1)_License.jpg,3178050
security(4)_License.jpg,22 97851
security(5)_License.jpg,22 97851
security(5)_N.jpg,6073
security(6)_License.jpg,22 97851
security(9)_License.jpg,P984236
security(9)_N.jpg,311 0291
security(12)_License.jpg,2533114
security(14)_License.jpg,B258KT
security(17)_N.jpg,1514
security(19)_N.jpg,1514
security(31)_License.jpg,3164JY
security(38)_License.jpg,57327K2
security(42)_License.jpg,U412437
security(47)_License.jpg,25 1075F
security(51)_License.jpg,9E78065
security(52)_N.jpg,516407
security(53)_N.jpg,516407
security(54)_N.jpg,516407
security(64)_N.jpg,4044
security(73)_License.jpg,WP97854
security(74)_License.jpg,WP97854
security(78)_N.jpg,25826
security(79)_N.jpg,25826
security(80)_N.jpg,4044
security(82)_License.jpg,W31060
security(85__N.jpg,25826
security(92)_N.jpg,W12916
snapshot_2021_11_05_11_15_08_License.jpg,2259LT
snapshot_2021_11_05_11_15_08_N.jpg,PRTZ088048
snapshot_2021_11_05_11_15_10_License.jpg,2259LT
snapshot_2021_11_05_11_15_52_License.jpg,XP80670
snapshot_2021_11_05_11_15_54_N.jpg,916 331 9111
snapshot_2021_11_05_11_15_55_N.jpg,916 331 9111
snapshot_2021_11_05_11_16_01_N.jpg,557
snapshot_2021_11_05_11_19_04_License.jpg,XP21163
snapshot_2021_11_05_11_19_06_License.jpg,XP21163
snapshot_2021_11_05_11_19_06_N.jpg,208
snapshot_2021_11_05_11_19_07_License.jpg,XP21163
snapshot_2021_11_05_11_19_07_N.jpg,208
snapshot_2021_11_05_11_23_08_N.jpg,CST 53V107
snapshot_2021_11_05_11_27_25_License.jpg,52713X2
snapshot_2021_11_05_11_27_42_License.jpg,2469113
snapshot_2021_11_05_11_35_04_License.jpg,XP47043
snapshot_2021_11_05_11_35_05_License.jpg,XP47043
snapshot_2021_11_05_11_44_02_License.jpg,YP25553
snapshot_2021_11_05_11_44_02_N.jpg,02'
snapshot_2021_11_05_11_44_38_License.jpg,8KCP733
snapshot_2021_11_05_11_47_27_License.jpg,XP38208
snapshot_2021_11_05_12_02_17 (1)_License.jpg,9G19919
snapshot_2021_11_05_12_33_08 (1)_License.jpg,14877N2
snapshot_2021_11_05_12_33_09_License.jpg,14877N2
snapshot_2021_11_05_12_34_22_License.jpg,4RZ6184
snapshot_2021_11_05_12_37_01_License.jpg,9F93750
snapshot_2021_11_05_12_42_54 (1)_License.jpg,LCK 5217
snapshot_2021_11_05_12_58_28_License.jpg,3176888
snapshot_2021_11_05_13_01_14_License.jpg,7GJA461
snapshot_2021_11_05_13_02_50_License.jpg,8LJP264
snapshot_2021_11_05_13_04_08_License.jpg,6RUV352
snapshot_2021_11_05_13_04_37_License.jpg,XP95332
snapshot_2021_11_05_13_05_23_License.jpg,7PDV549
snapshot_2021_11_05_13_05_51_License.jpg,8BJZ284
snapshot_2021_11_05_13_06_27_License.jpg,7R04569
snapshot_2021_11_05_13_07_02_License.jpg,6SYA157
snapshot_2021_11_05_13_07_09_License.jpg,7TVK315
snapshot_2021_11_05_13_12_26_License.jpg,6UKJ818
snapshot_2021_11_05_13_13_08_License.jpg,8SXL775
snapshot_2021_11_05_13_13_14_License.jpg,8GEG762
snapshot_2021_11_05_13_14_14_License.jpg,7VGH091
snapshot_2021_11_05_13_15_29_N.jpg,U2583
snapshot_2021_11_05_13_17_42_License.jpg,6LMX942
snapshot_2021_11_05_13_22_53_License.jpg,L827538
snapshot_2021_11_05_13_22_54_N.jpg,486330
snapshot_2021_11_05_13_23_04_N.jpg,U95668
snapshot_2021_11_05_13_36_41_License.jpg,P224180
snapshot_2021_11_05_13_36_42_License.jpg,P224180
snapshot_2021_11_05_13_36_43_License.jpg,P224180
snapshot_2021_11_05_13_47_33_N.jpg,PRTZ087758
snapshot_2021_11_05_13_59_17_License.jpg,11072L2
snapshot_2021_11_05_14_01_58_License.jpg,8UIP989
snapshot_2021_11_05_14_02_56_License.jpg,5SYL543
snapshot_2021_11_05_14_06_28 (1)_License.jpg,P954052
snapshot_2021_11_05_14_06_28 (1)_N.jpg,X13274
snapshot_2021_11_05_14_14_56_License.jpg,7FDH866
snapshot_2021_11_05_14_15_22_N.jpg,502
snapshot_2021_11_08_07_39_06_License.jpg,WP97854
snapshot_2021_11_08_07_39_06_N.jpg,001'
snapshot_2021_11_08_07_39_07 (1)_License.jpg,WP97854
snapshot_2021_11_08_09_51_01_License.jpg,4TR6713
snapshot_2021_11_08_09_51_02_License.jpg,4TR6713
snapshot_2021_11_08_09_51_03_License.jpg,4TR6713
snapshot_2021_11_08_09_52_35_License.jpg,7NBD647
snapshot_2021_11_08_09_53_23_License.jpg,2286777
snapshot_2021_11_08_09_53_23_N.jpg,PRTZ088099
snapshot_2021_11_08_09_53_24_License.jpg,2286777
snapshot_2021_11_08_09_53_24_N.jpg,PRTZ088099
snapshot_2021_11_08_09_57_55_License.jpg,P398575
snapshot_2021_11_08_09_57_56_License.jpg,P398575
snapshot_2021_11_08_10_06_33_License.jpg,9F84869
snapshot_2021_11_08_10_06_35_License.jpg,9F84869
snapshot_2021_11_08_10_06_40_License.jpg,XP68747
snapshot_2021_11_08_10_06_43_License.jpg,XP68747
snapshot_2021_11_08_10_06_45_License.jpg,XP68747
snapshot_2021_11_08_10_06_45_N.jpg,01'
snapshot_2021_11_08_10_27_14_License.jpg,2963772
snapshot_2021_11_08_10_27_27_License.jpg,XP40169
snapshot_2021_11_08_10_27_32 (1)_License.jpg,XP40169
snapshot_2021_11_08_10_28_15_N.jpg,R BTU 531 066
snapshot_2021_11_08_10_28_48 (1)_License.jpg,JC6 3BP
snapshot_2021_11_08_10_44_16_License.jpg,YP29872
snapshot_2021_11_08_10_44_16_N.jpg,03'
snapshot_2021_11_08_11_19_22_N.jpg,27639
snapshot_2021_11_08_11_24_36_License.jpg,7TJS181
snapshot_2021_11_08_11_24_36_N.jpg,27639
snapshot_2021_11_08_11_32_42_License.jpg,2286777
snapshot_2021_11_08_11_36_19 (1)_License.jpg,YP25553
snapshot_2021_11_08_11_36_28_License.jpg,26267V2
snapshot_2021_11_08_11_36_28_N.jpg,27639
snapshot_2021_11_08_11_37_23_License.jpg,44372C3
snapshot_2021_11_08_11_39_37_License.jpg,11072L2
snapshot_2021_11_08_11_41_40_License.jpg,3141899
snapshot_2021_11_08_11_52_52_N.jpg,158965
snapshot_2021_11_08_11_52_57_N.jpg,158965
snapshot_2021_11_08_12_06_16_License.jpg,22B7773
snapshot_2021_11_08_12_07_53_License.jpg,2XZ136
snapshot_2021_11_08_12_30_17_N.jpg,184125
snapshot_2021_11_08_12_39_20_License.jpg,9G14040
snapshot_2021_11_08_12_39_46_License.jpg,LCK 5217
snapshot_2021_11_08_12_46_12_License.jpg,2286777
snapshot_2021_11_08_12_50_22_License.jpg,P957791
snapshot_2021_11_08_13_02_28_License.jpg,9F57597
snapshot_2021_11_08_13_02_29_N.jpg,W39303
snapshot_2021_11_08_13_10_13_License.jpg,2469112
snapshot_2021_11_08_13_12_47_N.jpg,221371
snapshot_2021_11_08_13_20_23_License.jpg,AV 4243
snapshot_2021_11_08_13_26_16_N.jpg,209 607 3300
snapshot_2021_11_08_13_26_17_N.jpg,209 607 3300
snapshot_2021_11_08_13_26_18_License.jpg,TL8631
snapshot_2021_11_08_13_26_19_License.jpg,TL8631
snapshot_2021_11_08_13_26_19_N.jpg,209 607 3300
snapshot_2021_11_08_13_26_23 (1)_N.jpg,P5190115
snapshot_2021_11_08_13_26_24 (1)_N.jpg,P5190115
snapshot_2021_11_08_13_32_33_License.jpg,XP92788
snapshot_2021_11_08_13_36_13_N.jpg,209 607 3300
snapshot_2021_11_08_13_36_14_N.jpg,209 607 3300 
snapshot_2021_11_08_13_38_29_License.jpg,6PJ2321
snapshot_2021_11_08_15_15_41_N.jpg,23
snapshot_2021_11_08_15_27_57 (1)_N.jpg,231448
snapshot_2021_11_08_15_27_57_N.jpg,231448
snapshot_2021_11_08_15_27_58_License.jpg,P931670
snapshot_2021_11_08_15_27_59_N.jpg,231448
snapshot_2021_11_08_15_36_01 (1)_N.jpg,2200102
snapshot_2021_11_08_15_36_02_N.jpg,2200102
snapshot_2021_11_08_15_38_21_License.jpg,YP25553
snapshot_2021_11_08_15_39_38_N.jpg,1 800 PICK UPS
snapshot_2021_11_08_15_40_42_N.jpg,EJGZ 102189
snapshot_2021_11_08_15_40_43 (1)_N.jpg,EJGZ 102189
snapshot_2021_11_08_15_41_30_N.jpg,9088
snapshot_2021_11_08_15_46_11_License.jpg,9D69309
snapshot_2021_11_08_15_50_05_License.jpg,XP76784
snapshot_2021_11_08_15_50_06_N.jpg,210
snapshot_2021_11_08_16_01_59 (1)_License.jpg,9F67461
snapshot_2021_11_08_16_01_59_N.jpg,841731
snapshot_2021_11_08_16_05_45 (1)_License.jpg,U463809
snapshot_2021_11_12_11_32_59_N.jpg,529081
snapshot_2021_11_12_11_36_35_License.jpg,XP75522
snapshot_2021_11_12_11_36_35_N.jpg,003'
snapshot_2021_11_12_11_38_19 (1)_License.jpg,TH7633
snapshot_2021_11_12_11_38_19 (1)_N.jpg,209
snapshot_2021_11_12_11_42_53_License.jpg,WP02316
snapshot_2021_11_12_11_45_27_License.jpg,YP25553
snapshot_2021_11_12_11_45_28_License.jpg,YP25553
snapshot_2021_11_12_11_50_16_N.jpg,P5190353
snapshot_2021_11_12_11_51_16_License.jpg,XP72886
snapshot_2021_11_12_11_57_53_License.jpg,4TR4531
snapshot_2021_11_12_11_57_54_License.jpg,4TR4531
snapshot_2021_11_12_11_57_54_N.jpg,925 400 9094
snapshot_2021_11_12_12_02_53_N.jpg,94
snapshot_2021_11_12_12_03_08_License.jpg,9F13926
snapshot_2021_11_12_12_03_09_License.jpg,9F13926
snapshot_2021_11_12_12_03_11_License.jpg,9F13926
snapshot_2021_11_12_12_04_31_N.jpg,771033
snapshot_2021_11_12_12_07_11_N.jpg,P5190353
snapshot_2021_11_12_12_13_10_License.jpg,2386211
snapshot_2021_11_12_12_13_11_License.jpg,2386211
snapshot_2021_11_12_12_13_27_License.jpg,9F81343
snapshot_2021_11_12_12_13_29_License.jpg,9F81343
snapshot_2021_11_12_12_18_39_License.jpg,P957791
snapshot_2021_11_12_12_18_40_License.jpg,P957791
snapshot_2021_11_12_12_18_40_N.jpg,246266
snapshot_2021_11_12_12_19_20_N.jpg,US DOT 198110
snapshot_2021_11_12_12_54_25_License.jpg,4LH6287
snapshot_2021_11_12_12_54_26_License.jpg,4LH6287
snapshot_2021_11_12_12_54_59_License.jpg,XP76797
snapshot_2021_11_12_12_56_53_License.jpg,9G34045
snapshot_2021_11_12_13_02_31_License.jpg,WP05809
snapshot_2021_11_12_13_06_26_N.jpg,PTLZ087959
snapshot_2021_11_12_13_10_52_License.jpg,2928808
snapshot_2021_11_12_13_24_55_License.jpg,9F91370
snapshot_2021_11_12_16_03_28_N.jpg,126383
snapshot_2021_11_12_16_03_30_N.jpg,126383
snapshot_2021_11_12_16_23_45_License.jpg,5T327K2
snapshot_2021_11_12_16_24_13_N.jpg,1 800 GoFedEx
snapshot_2022_02_25_10_44_03_License.jpg,48833J3
snapshot_2022_02_25_10_49_52_License.jpg,XP60032
snapshot_2022_02_25_10_49_54_License.jpg,XP60032
snapshot_2022_02_25_11_08_03_N.jpg,PT5713
snapshot_2022_02_25_11_12_47_License.jpg,PB10726
snapshot_2022_02_25_11_18_49_License.jpg,21478T2
snapshot_2022_02_25_11_18_50_License.jpg,21478T2
snapshot_2022_02_25_11_25_40 (1)_N.jpg,6862
snapshot_2022_02_25_11_28_06_License.jpg,3083234
snapshot_2022_02_25_11_39_31_License.jpg,3125374
snapshot_2022_02_25_11_50_02_N.jpg,524749
snapshot_2022_02_25_11_50_12_N.jpg,480492
snapshot_2022_02_25_12_10_03_License.jpg,2839261
snapshot_2022_02_25_12_10_04_License.jpg,2839261
snapshot_2022_02_25_12_10_04_N.jpg,1800359
snapshot_2022_02_25_12_19_13_License.jpg,7NBD647
snapshot_2022_02_25_12_19_14_License.jpg,7NBD647
snapshot_2022_02_25_12_24_21_License.jpg,2791802
snapshot_2022_02_25_12_31_03_License.jpg,8RHU864
snapshot_2022_02_25_12_38_40_License.jpg,4CLK191
snapshot_2022_02_25_12_43_13_License.jpg,8UDD629
snapshot_2022_02_25_12_46_17_License.jpg,CB00Y44
snapshot_2022_02_25_12_47_19_License.jpg,7XTE8C0
snapshot_2022_02_25_12_54_25_License.jpg,7TVK315
snapshot_2022_02_25_13_08_21_License.jpg,70571P2
snapshot_2022_02_25_13_10_05_License.jpg,39031L2
snapshot_2022_02_25_13_29_08 (1)_License.jpg,XP60032
snapshot_2022_02_25_13_29_08 (1)_N.jpg,101
snapshot_2022_02_25_13_43_18_N.jpg,380246
snapshot_2022_02_25_13_50_31_License.jpg,YP36736
snapshot_2022_02_25_13_51_57_License.jpg,2660116
snapshot_2022_02_25_13_52_17_N.jpg,LW1328
snapshot_2022_02_25_13_52_18_N.jpg,LW1328
snapshot_2022_02_25_13_53_38_N.jpg,53104
snapshot_2022_02_25_14_01_29_License.jpg,9E96877
snapshot_2022_02_25_14_43_14_N.jpg,820743
snapshot_2022_02_25_14_44_29_N.jpg,XP48649
snapshot_2022_02_25_14_44_31_License.jpg,XP48649
snapshot_2022_02_25_14_44_31_N.jpg,XP48649
snapshot_2022_02_25_14_45_36_License.jpg,3EY026
snapshot_2022_02_25_14_48_55_License.jpg,95239H2
snapshot_2022_02_25_14_49_40_License.jpg,2791802
snapshot_2022_02_25_14_58_16_License.jpg,8G68149
snapshot_2022_02_25_15_20_47_N.jpg,X6280
snapshot_2022_02_25_15_20_48_N.jpg,X6280
snapshot_2022_02_25_16_11_16_License.jpg,9E28423
snapshot_2022_02_25_16_11_17_N.jpg,245
snapshot_2022_02_28_10_24_45_License.jpg,096767A
snapshot_2022_02_28_11_15_40_License.jpg,A301960
snapshot_2022_02_28_11_15_53_License.jpg,8HRU864
snapshot_2022_02_28_11_15_57_License.jpg,8UDD629
snapshot_2022_02_28_11_29_49_License.jpg,26147R2
snapshot_2022_02_28_11_42_58 (1)_License.jpg,2259LT
snapshot_2022_02_28_11_42_58 (1)_N.jpg,PRTZ088048
snapshot_2022_02_28_11_42_58_N.jpg,PRTZ088048
snapshot_2022_02_28_11_43_10_License.jpg,4RR5306
snapshot_2022_02_28_11_44_02_License.jpg,08023P1
snapshot_2022_02_28_11_50_14_License.jpg,4KE1914
snapshot_2022_02_28_12_02_16_License.jpg,P752720
snapshot_2022_02_28_12_02_16_N.jpg,FEDZ553183
snapshot_2022_02_28_12_02_17_N.jpg,FEDZ553183
snapshot_2022_02_28_12_14_12_License.jpg,30679W2
snapshot_2022_02_28_12_31_13_License.jpg,U666669
snapshot_2022_02_28_12_39_33 (1)_N.jpg,PTLZ087966
snapshot_2022_02_28_12_44_12_License.jpg,79722S2
snapshot_2022_02_28_12_44_57_License.jpg,XP04536
snapshot_2022_02_28_12_49_10_License.jpg,U633550
snapshot_2022_02_28_12_49_10_N.jpg,866 347 2260
snapshot_2022_02_28_12_49_11_License.jpg,U633550
snapshot_2022_02_28_12_51_33_License.jpg,79722S2
snapshot_2022_02_28_13_02_21_License.jpg,XP60032
snapshot_2022_02_28_13_06_12_License.jpg,30679W2
snapshot_2022_02_28_13_51_58_License.jpg,8UXA545
snapshot_2022_02_28_14_03_48_License.jpg,79459J3
snapshot_2022_02_28_14_04_31 (1)_License.jpg,XP71627
snapshot_2022_02_28_14_04_31 (1)_N.jpg,58
snapshot_2022_02_28_14_34_25 (1)_N.jpg,101
snapshot_2022_02_28_14_34_25_License.jpg,XP60032
snapshot_2022_02_28_14_44_02_License.jpg,8GCN215
snapshot_2022_02_28_14_46_48_License.jpg,4EB620
snapshot_2022_02_28_14_47_09_License.jpg,8ULF410
snapshot_2022_02_28_15_00_44_N.jpg,209
snapshot_2022_02_28_15_11_18_License.jpg,U407823
snapshot_2022_02_28_15_18_45_N.jpg,PTLX087959
snapshot_2022_02_28_17_18_35_N.jpg,101
snapshot_2022_03_01_07_01_49_License.jpg,60146X2
snapshot_2022_03_01_07_02_31_License.jpg,8BVY713
snapshot_2022_03_01_07_08_29_License.jpg,4TTG106
snapshot_2022_03_01_10_01_44_License.jpg,ND 2792
snapshot_2022_03_01_10_06_40_License.jpg,8DAB478
snapshot_2022_03_01_10_08_25_N.jpg,507
snapshot_2022_03_01_10_08_27_N.jpg,507
snapshot_2022_03_01_10_08_30 (1)_License.jpg,YP13988
snapshot_2022_03_01_10_08_30_N.jpg,507
snapshot_2022_03_01_10_20_16_N.jpg,101
snapshot_2022_03_01_10_32_32_License.jpg,2625688
snapshot_2022_03_01_11_54_41_N.jpg,101
snapshot_2022_03_01_12_00_37_License.jpg,90177D3
vlcsnap-2021-10-15-16h11m55s099_N.jpg,S59
vlcsnap-2021-10-15-16h11m59s367_N.jpg,S59
vlcsnap-2021-10-15-16h12m29s875_N.jpg,S59
vlcsnap-2021-10-15-16h12m30s898_N.jpg,S59
vlcsnap-2021-10-15-16h13m51s701_N.jpg,W12072
vlcsnap-2021-10-15-16h13m53s242_N.jpg,W12072
vlcsnap-2021-10-15-16h14m31s922_N.jpg,W12072
vlcsnap-2021-10-15-16h14m38s733_N.jpg,W12072
vlcsnap-2021-10-15-16h14m42s702_N.jpg,W12072
vlcsnap-2021-10-15-16h14m57s925_N.jpg,W12072
